10yard,,,PLAYER,ARCADE,ARCADE ELITE,,,,,DIAMONDS,NEXT 2,CFW
1941,LEGENDS,LEGENDS PI,PLAYER,ARCADE,ARCADE ELITE,PLAYER ELITE,MINI,GEMS 300,GEMS 150,DIAMONDS,NEXT 2,CFW
1942,LEGENDS,LEGENDS PI,PLAYER,ARCADE,ARCADE ELITE,PLAYER ELITE,MINI,GEMS 300,,DIAMONDS,NEXT 2,CFW
1943,LEGENDS,LEGENDS PI,PLAYER,ARCADE,ARCADE ELITE,PLAYER ELITE,MINI,GEMS 300,GEMS 150,DIAMONDS,NEXT 2
1943kai,,,MAX,ARCADE,,,,,,DIAMONDS,NEXT 2,CFW
1944,LEGENDS,LEGENDS PI,PLAYER,ARCADE,ARCADE ELITE,PLAYER ELITE,MINI,GEMS 300,GEMS 150,DIAMONDS,NEXT 2,CFW
1945kiii,,,MAX,ARCADE,,,,,,DIAMONDS,NEXT 2,CFW
19xx,LEGENDS,LEGENDS PI,PLAYER,ARCADE,ARCADE ELITE,PLAYER ELITE,MINI,GEMS 300,,DIAMONDS,NEXT 2,CFW
2020bb,,,PLAYER,ARCADE,ARCADE ELITE,,,,,DIAMONDS,NEXT 2,CFW
3countb,,,MAX,ARCADE,,,,,,DIAMONDS,NEXT 2,CFW
3wonders,LEGENDS,LEGENDS PI,PLAYER,ARCADE,ARCADE ELITE,PLAYER ELITE,MINI,,,DIAMONDS,NEXT 2,CFW
64street,,,PLAYER,ARCADE,,,,,,DIAMONDS,NEXT 2,CFW
720,,,PLAYER,ARCADE,ARCADE ELITE,,,,,DIAMONDS,NEXT 2,CFW
88games,,,MAX,ARCADE,,,,,,,,CFW
abcop,,,,NextWAVE
aburner2,LEGENDS,LEGENDS PI,PLAYER,ARCADE,ARCADE ELITE,PLAYER ELITE,MINI,GEMS 300,GEMS 150,DIAMONDS,NEXT 2,CFW
aceattac,,,,NextWAVE,,,,,,,,CFW
acedrvrw,,,,NextWAVE
acrobatm,,,,NextWAVE
actfancr,LEGENDS,LEGENDS PI,PLAYER,ARCADE,ARCADE ELITE,,,,,DIAMONDS,NEXT 2,CFW
aerofgt,,,MAX,ARCADE,,,,,,DIAMONDS,NEXT 2,CFW
aerofgts,,,,NextWAVE
afighter,,,MAX,ARCADE,,,,,,DIAMONDS,,CFW
agallet,,,MAX,ARCADE,,,,,,DIAMONDS,NEXT 2,CFW
airass,,,,NextWAVE
airbustr,,,MAX,ARCADE,,,,,,DIAMONDS,NEXT 2,CFW
airduel,,,PLAYER,ARCADE,,,,,,DIAMONDS,NEXT 2,CFW
airwolf,,,MAX,ARCADE,,,,,,DIAMONDS,NEXT 2,CFW
ajax,,,PLAYER,ARCADE,ARCADE ELITE,,,,,DIAMONDS,NEXT 2,CFW
akatana,LEGENDS,LEGENDS PI,PLAYER,ARCADE,ARCADE ELITE,PLAYER ELITE,MINI,,,DIAMONDS,NEXT 2,CFW
alexkidd,,,MAX,ARCADE,,,,,,DIAMONDS,NEXT 2,CFW
alien3,,,MAX,ARCADE,,,,,,DIAMONDS,NEXT 2,CFW
aliens,LEGENDS,LEGENDS PI,PLAYER,ARCADE,ARCADE ELITE,PLAYER ELITE,MINI,GEMS 300,,DIAMONDS,NEXT 2,CFW
aliensyn,LEGENDS,LEGENDS PI,PLAYER,ARCADE,ARCADE ELITE,PLAYER ELITE,MINI,GEMS 300,GEMS 150,DIAMONDS,NEXT 2,CFW
aligator,,,,NextWAVE,,,,,,,,CFW
alpham2,,,PLAYER,ARCADE,ARCADE ELITE,,,,,DIAMONDS,NEXT 2,CFW
alpine,LEGENDS,LEGENDS PI,PLAYER,ARCADE,ARCADE ELITE,,,,,DIAMONDS,NEXT 2,CFW
altbeast,LEGENDS,LEGENDS PI,PLAYER,ARCADE,ARCADE ELITE,PLAYER ELITE,MINI,GEMS 300,GEMS 150,DIAMONDS,NEXT 2,CFW
amazon,,,,NextWAVE,,,,,,,,CFW
ambush,,,,NextWAVE,,,,,,,,CFW
amidar,LEGENDS,LEGENDS PI,PLAYER,ARCADE,ARCADE ELITE,,,,,DIAMONDS,NEXT 2,CFW
androdun,,,MAX,ARCADE,,,,,,DIAMONDS,NEXT 2,CFW
aodk,,,PLAYER,ARCADE,ARCADE ELITE,,,,,DIAMONDS,NEXT 2,CFW
aof,LEGENDS,LEGENDS PI,PLAYER,ARCADE,ARCADE ELITE,,,,,DIAMONDS,NEXT 2,CFW
aof2,,LEGENDS PI,MAX,ARCADE,,,,,,DIAMONDS,,CFW
aof3,,LEGENDS PI,MAX,ARCADE,,,,,,DIAMONDS,NEXT 2,CFW
aoh,,,,NextWAVE
apb,LEGENDS,LEGENDS PI,PLAYER,ARCADE,ARCADE ELITE,,,,,DIAMONDS,NEXT 2,CFW
aquajack,,,,NextWAVE,,,,,,,,CFW
arabfgt,,,MAX,ARCADE,,,,,,DIAMONDS,NEXT 2,CFW
arabian,,,MAX,ARCADE,,,,,,DIAMONDS,NEXT 2,CFW
arabianm,,,MAX,ARCADE,,,,,,DIAMONDS,NEXT 2,CFW
arbalest,,,,,,,,,,,,CFW
archrivl,,,MAX,ARCADE,,,,,,DIAMONDS,,CFW
area51,,,MAX,ARCADE,,,,,,DIAMONDS,,CFW
area51t,,,,,,,,,,,,CFW
arescue,,,,NextWAVE
argus,,,,NextWAVE
arkanoid,,,MAX,ARCADE,,,,,,DIAMONDS
arknoid2,LEGENDS,LEGENDS PI,PLAYER,ARCADE,ARCADE ELITE,PLAYER ELITE,MINI,GEMS 300,,DIAMONDS,NEXT 2,CFW
armedf,,,MAX,ARCADE,,,,,,,NEXT 2,CFW
armwar,LEGENDS,LEGENDS PI,PLAYER,ARCADE,ARCADE ELITE,PLAYER ELITE,MINI,GEMS 300,,DIAMONDS,NEXT 2,CFW
armwrest,,,,NextWAVE
ashura,,,MAX,ARCADE,,,,,,,NEXT 2,CFW
aso,,,,NextWAVE,,,,,,,,CFW
assault,,,PLAYER,ARCADE,ARCADE ELITE,,,,,DIAMONDS,NEXT 2,CFW
astdelux,LEGENDS,LEGENDS PI,PLAYER,ARCADE,ARCADE ELITE,,,,,DIAMONDS,NEXT 2,CFW
asterix,LEGENDS,LEGENDS PI,PLAYER,ARCADE,ARCADE ELITE,PLAYER ELITE,,GEMS 300,,DIAMONDS,NEXT 2,CFW
asteroid,LEGENDS,LEGENDS PI,PLAYER,ARCADE,ARCADE ELITE,PLAYER ELITE,MINI,GEMS 300,GEMS 150,DIAMONDS,NEXT 2,CFW
astorm,LEGENDS,LEGENDS PI,PLAYER,ARCADE,ARCADE ELITE,PLAYER ELITE,MINI,GEMS 300,,DIAMONDS,NEXT 2,CFW
astrob,,,MAX,ARCADE,,,,,,DIAMONDS
astyanax,,,PLAYER,ARCADE,ARCADE ELITE,,,,,DIAMONDS,NEXT 2,CFW
asuka,,,,,,,,,,,,CFW
asurabld,,,PLAYER,ARCADE,ARCADE ELITE,,,,,DIAMONDS,NEXT 2,CFW
asurabus,,,PLAYER,ARCADE,ARCADE ELITE,,,,,DIAMONDS,NEXT 2,CFW
asylum,,,,,,,,,,,,CFW
atetris,LEGENDS,LEGENDS PI,PLAYER,ARCADE,ARCADE ELITE,,,,,DIAMONDS,NEXT 2,CFW
athena,LEGENDS,LEGENDS PI,PLAYER,ARCADE,ARCADE ELITE,PLAYER ELITE,MINI,GEMS 300,,DIAMONDS,NEXT 2,CFW
atlantis,,,,,,,,,,,,CFW
aurail,,,MAX,ARCADE,,,,,,DIAMONDS,NEXT 2,CFW
avengers,LEGENDS,LEGENDS PI,PLAYER,ARCADE,ARCADE ELITE,PLAYER ELITE,MINI,GEMS 300,GEMS 150,DIAMONDS,NEXT 2,CFW
avsp,LEGENDS,LEGENDS PI,PLAYER,ARCADE,ARCADE ELITE,PLAYER ELITE,MINI,GEMS 300,GEMS 150,DIAMONDS,NEXT 2,CFW
avspirit,,,,NextWAVE,,,,,,,,CFW
baddudes,LEGENDS,LEGENDS PI,PLAYER,ARCADE,ARCADE ELITE,PLAYER ELITE,MINI,GEMS 300,GEMS 150,DIAMONDS,NEXT 2,CFW
badlands,,,MAX,ARCADE,,,,,,DIAMONDS,NEXT 2,CFW
bagman,,,PLAYER,ARCADE,ARCADE ELITE,,,,,DIAMONDS
bakutotu,,,MAX,ARCADE,,,,,,,NEXT 2,CFW
bangbead,,,MAX,ARCADE,,,,,,,,CFW
bankp,LEGENDS,LEGENDS PI,PLAYER,ARCADE,ARCADE ELITE,PLAYER ELITE,MINI,,,DIAMONDS,NEXT 2,CFW
baraduke,,,MAX,ARCADE,,,,,,DIAMONDS,NEXT 2,CFW
batcir,LEGENDS,LEGENDS PI,PLAYER,ARCADE,ARCADE ELITE,PLAYER ELITE,,GEMS 300,,DIAMONDS,NEXT 2,CFW
batman,,,MAX,ARCADE,,,,,,,,CFW
batmanfr,,,,NextWAVE
batrider,LEGENDS,LEGENDS PI,PLAYER,ARCADE,ARCADE ELITE,PLAYER ELITE,MINI,,,DIAMONDS,NEXT 2,CFW
batsugunsp,LEGENDS,LEGENDS PI,PLAYER,ARCADE,ARCADE ELITE,PLAYER ELITE,MINI,GEMS 300,,DIAMONDS,NEXT 2,CFW
battlane,,,MAX,ARCADE,,,,,,DIAMONDS
battlera,,,PLAYER,ARCADE,ARCADE ELITE,,,,,,NEXT 2,CFW
battlnts,,,,,,,,,,,,CFW
bayroute,,,PLAYER,ARCADE,ARCADE ELITE,,,,,DIAMONDS,,CFW
bbakraid,LEGENDS,LEGENDS PI,PLAYER,ARCADE,ARCADE ELITE,,,,,DIAMONDS,NEXT 2,CFW
bbmanw,,,MAX,ARCADE,,,,,,,NEXT 2,CFW
bbusters,,,,NextWAVE,,,,,,,,CFW
bchopper,LEGENDS,LEGENDS PI,PLAYER,ARCADE,ARCADE ELITE,PLAYER ELITE,MINI,GEMS 300,GEMS 150,DIAMONDS,NEXT 2,CFW
bermudat,,,,NextWAVE,,,,,,,,CFW
berzerk,LEGENDS,LEGENDS PI,PLAYER,ARCADE,ARCADE ELITE,PLAYER ELITE,MINI,,,DIAMONDS,NEXT 2,CFW
bestbest,,,,NextWAVE
bgaregga,LEGENDS,LEGENDS PI,PLAYER,ARCADE,ARCADE ELITE,PLAYER ELITE,MINI,GEMS 300,,DIAMONDS,NEXT 2,CFW
bigkarnk,,,MAX,ARCADE,,,,,,,NEXT 2,CFW
bigrun,,,,NextWAVE
bioatack,,,PLAYER,ARCADE,ARCADE ELITE,,,,,,NEXT 2,CFW
biomtoy,,,MAX,ARCADE,,,,,,,NEXT 2,CFW
bionicc,LEGENDS,LEGENDS PI,PLAYER,ARCADE,ARCADE ELITE,PLAYER ELITE,MINI,GEMS 300,GEMS 150,DIAMONDS,NEXT 2,CFW
bioship,,,MAX,ARCADE,,,,,,,NEXT 2,CFW
bjourney,,,PLAYER,ARCADE,ARCADE ELITE,,,,,DIAMONDS,NEXT 2,CFW
bjtwin,,,MAX,ARCADE,,,,,,DIAMONDS,NEXT 2,CFW
bladestl,,,,NextWAVE,,,,,,,,CFW
blandia,,,,NextWAVE,,,,,,,,CFW
blastoff,,,MAX,ARCADE,,,,,,DIAMONDS,,CFW
blazeon,,,,NextWAVE,,,,,,,,CFW
blazer,,,,NextWAVE,,,,,,,,CFW
blazstar,LEGENDS,LEGENDS PI,PLAYER,ARCADE,ARCADE ELITE,,,,,DIAMONDS,NEXT 2,CFW
bldyror2,,,,NextWAVE
blitz,LEGENDS,,PLAYER,ARCADE,ARCADE ELITE,,,,,DIAMONDS,NEXT 2,CFW
blitz2k,,,,NextWAVE
blitz99,,,,NextWAVE
blkheart,,,PLAYER,ARCADE,,,,,,,NEXT 2,CFW
blktiger,LEGENDS,LEGENDS PI,PLAYER,ARCADE,ARCADE ELITE,PLAYER ELITE,MINI,GEMS 300,GEMS 150,DIAMONDS,NEXT 2,CFW
blockhl,,,MAX,ARCADE,,,,,,,NEXT 2,CFW
blockout,,,MAX,ARCADE,,,,,,DIAMONDS,NEXT 2,CFW
bloodbro,LEGENDS,LEGENDS PI,PLAYER,ARCADE,ARCADE ELITE,,,,,DIAMONDS,NEXT 2,CFW
bloodstm,,,MAX,ARCADE,,,,,,,NEXT 2,CFW
bloodwar,,,MAX,ARCADE,,,,,,DIAMONDS,NEXT 2,CFW
blstroid,,,MAX,ARCADE,,,,,,DIAMONDS,NEXT 2,CFW
blswhstl,,,,NextWAVE,,,,,,,,CFW
blzntrnd,,,,NextWAVE,,,,,,,,CFW
bmaster,,,PLAYER,ARCADE,ARCADE ELITE,,,,,DIAMONDS,NEXT 2,CFW
bnj,LEGENDS,LEGENDS PI,PLAYER,ARCADE,ARCADE ELITE,PLAYER ELITE,MINI,GEMS 300,,DIAMONDS,NEXT 2,CFW
bnzabros,,,MAX,ARCADE,,,,,,DIAMONDS,NEXT 2,CFW
bodyslam,,,,,,,,,,,,CFW
bogeyman,,,,NextWAVE,,,,,,,,CFW
bombjack,LEGENDS,LEGENDS PI,PLAYER,ARCADE,ARCADE ELITE,PLAYER ELITE,MINI,GEMS 300,GEMS 150,DIAMONDS,NEXT 2,CFW
bombrman,,,,,,,,,,,,CFW
bonkadv,,,PLAYER,ARCADE,ARCADE ELITE,,,,,,NEXT 2,CFW
bonzeadv,,,PLAYER,ARCADE,ARCADE ELITE,,,,,DIAMONDS,NEXT 2,CFW
boogwing,LEGENDS,LEGENDS PI,PLAYER,ARCADE,ARCADE ELITE,PLAYER ELITE,MINI,GEMS 300,GEMS 150,DIAMONDS,NEXT 2,CFW
bosco,LEGENDS,LEGENDS PI,PLAYER,ARCADE,ARCADE ELITE,PLAYER ELITE,MINI,,,DIAMONDS,NEXT 2,CFW
bouldash,,,,NextWAVE,,,,,,,,CFW
boxyboy,,,,NextWAVE,,,,,,,,CFW
brain,,,,NextWAVE
brapboys,LEGENDS,LEGENDS PI,PLAYER,ARCADE,ARCADE ELITE,PLAYER ELITE,MINI,GEMS 300,,DIAMONDS,NEXT 2,CFW
breakrev,,,PLAYER,ARCADE,ARCADE ELITE,,,,,DIAMONDS,NEXT 2,CFW
breywood,,,,,,,,,,,,CFW
brival,,,,NextWAVE
brkthru,LEGENDS,LEGENDS PI,PLAYER,ARCADE,ARCADE ELITE,PLAYER ELITE,MINI,,,DIAMONDS,NEXT 2,CFW
brutforc,,,,NextWAVE
brvblade,,,,ARCADE,,,,,,DIAMONDS,,CFW
bsharkjjs,,,,,,,,,,,,CFW
bssoccer,,,,NextWAVE
bstars2,,,PLAYER,ARCADE,ARCADE ELITE,,,,,DIAMONDS,,CFW
btime,LEGENDS,LEGENDS PI,PLAYER,ARCADE,ARCADE ELITE,PLAYER ELITE,MINI,GEMS 300,GEMS 150,DIAMONDS,NEXT 2,CFW
btoads,,,PLAYER,ARCADE,ARCADE ELITE,,,,,DIAMONDS,NEXT 2,CFW
bubblem,LEGENDS,LEGENDS PI,PLAYER,ARCADE,ARCADE ELITE,,,,,DIAMONDS,NEXT 2,CFW
bubbles,LEGENDS,LEGENDS PI,PLAYER,ARCADE,ARCADE ELITE,,,,,DIAMONDS,NEXT 2,CFW
bublbob2,LEGENDS,LEGENDS PI,PLAYER,ARCADE,ARCADE ELITE,,,,,DIAMONDS,NEXT 2
bublboblr,LEGENDS,LEGENDS PI,PLAYER,ARCADE,ARCADE ELITE,PLAYER ELITE,MINI,GEMS 300,GEMS 150,DIAMONDS,NEXT 2,CFW
bublcave,,,PLAYER,ARCADE,ARCADE ELITE,,,,,DIAMONDS,NEXT 2,CFW
bubsymphe,,,,,,,,,,,,CFW
buccanrs,,,,NextWAVE,,,,,,,,CFW
buckrog,LEGENDS,LEGENDS PI,PLAYER,ARCADE,ARCADE ELITE,PLAYER ELITE,MINI,,,DIAMONDS,NEXT 2,CFW
bucky,,,PLAYER,ARCADE,ARCADE ELITE,,,,,DIAMONDS,NEXT 2,CFW
buggyboyjr,,,PLAYER,ARCADE,,,,,,DIAMONDS,NEXT 2,CFW
bullet,,,,NextWAVE,,,,,,,,CFW
burnforc,,,,NextWAVE,,,,,,,,CFW
burningf,,,MAX,ARCADE,,,,,,DIAMONDS,,CFW
bwidow,LEGENDS,LEGENDS PI,PLAYER,ARCADE,ARCADE ELITE,,,,,DIAMONDS,NEXT 2,CFW
bzone,LEGENDS,LEGENDS PI,PLAYER,ARCADE,ARCADE ELITE,PLAYER ELITE,MINI,,,DIAMONDS,NEXT 2,CFW
cabal,LEGENDS,LEGENDS PI,PLAYER,ARCADE,ARCADE ELITE,PLAYER ELITE,MINI,GEMS 300,GEMS 150,DIAMONDS,NEXT 2,CFW
cadash,LEGENDS,LEGENDS PI,PLAYER,ARCADE,ARCADE ELITE,PLAYER ELITE,MINI,,,DIAMONDS,NEXT 2,CFW
cairblad,,,,NextWAVE,,,,,,,,CFW
calibr50,LEGENDS,LEGENDS PI,PLAYER,ARCADE,ARCADE ELITE,,,,,DIAMONDS,NEXT 2,CFW
cameltry,,,,NextWAVE,,,,,,,,CFW
captaven,LEGENDS,LEGENDS PI,PLAYER,ARCADE,ARCADE ELITE,PLAYER ELITE,MINI,GEMS 300,,DIAMONDS,NEXT 2,CFW
captcomm,LEGENDS,LEGENDS PI,PLAYER,ARCADE,ARCADE ELITE,PLAYER ELITE,MINI,GEMS 300,GEMS 150,DIAMONDS,NEXT 2,CFW
carnevil,,,,ARCADE,,,,,,DIAMONDS,,CFW
carnival,,,MAX,ARCADE,,,,,,DIAMONDS
cawing,LEGENDS,LEGENDS PI,PLAYER,ARCADE,ARCADE ELITE,PLAYER ELITE,MINI,GEMS 300,,DIAMONDS,NEXT 2,CFW
ccastles,LEGENDS,LEGENDS PI,PLAYER,ARCADE,ARCADE ELITE,,,,,DIAMONDS,NEXT 2,CFW
cclimber,LEGENDS,LEGENDS PI,PLAYER,ARCADE,ARCADE ELITE,,,,,DIAMONDS,NEXT 2,CFW
cclimbr2,,,,NextWAVE,,,,,,,,CFW
centiped,LEGENDS,LEGENDS PI,PLAYER,ARCADE,ARCADE ELITE,PLAYER ELITE,MINI,GEMS 300,GEMS 150,DIAMONDS,NEXT 2,CFW
champwr,,,,NextWAVE,,,,,,,,CFW
chanbara,,,,,,,,,,,,CFW
charlien,,,,NextWAVE,,,,,,,,CFW
chasehq,LEGENDS,LEGENDS PI,PLAYER,ARCADE,ARCADE ELITE,PLAYER ELITE,MINI,GEMS 300,,DIAMONDS,NEXT 2,CFW
chelnov,LEGENDS,LEGENDS PI,PLAYER,ARCADE,ARCADE ELITE,PLAYER ELITE,MINI,GEMS 300,,DIAMONDS,NEXT 2,CFW
cheyenne,,,,NextWAVE
chiller,,,,NextWAVE,,,,,,,,CFW
chimerab,,,,NextWAVE,,,,,,,,CFW
chinagat,,,,NextWAVE,,,,,,,,CFW
chinhero,,,,NextWAVE
chopliftbl,LEGENDS,LEGENDS PI,PLAYER,ARCADE,ARCADE ELITE,PLAYER ELITE,MINI,GEMS 300,,DIAMONDS,NEXT 2,CFW
chopper,,,MAX,ARCADE,,,,,,DIAMONDS,NEXT 2,CFW
chqflag,,,MAX,ARCADE,,,,,,DIAMONDS,NEXT 2,CFW
chukatai,,,MAX,ARCADE,,,,,,,NEXT 2,CFW
circusc,LEGENDS,LEGENDS PI,PLAYER,ARCADE,ARCADE ELITE,PLAYER ELITE,MINI,GEMS 300,,DIAMONDS,NEXT 2,CFW
cischeat,,,,NextWAVE,,,,,,,,CFW
citybomb,,,,NextWAVE,,,,,,,,CFW
citycon,LEGENDS,LEGENDS PI,PLAYER,ARCADE,ARCADE ELITE,PLAYER ELITE,MINI,GEMS 300,,DIAMONDS,NEXT 2,CFW
cninja,LEGENDS,LEGENDS PI,PLAYER,ARCADE,ARCADE ELITE,PLAYER ELITE,MINI,GEMS 300,GEMS 150,DIAMONDS,NEXT 2,CFW
cobracom,,,PLAYER,ARCADE,ARCADE ELITE,,,,,DIAMONDS,NEXT 2,CFW
columns,,,,,,,,,,,,CFW
combatsc,,,MAX,ARCADE,,,,,,,NEXT 2,CFW
commandou,LEGENDS,LEGENDS PI,PLAYER,ARCADE,ARCADE ELITE,PLAYER ELITE,MINI,GEMS 300,GEMS 150,DIAMONDS,NEXT 2,CFW
congo,LEGENDS,LEGENDS PI,PLAYER,ARCADE,ARCADE ELITE,,,,,DIAMONDS,NEXT 2,CFW
contcirc,,,,NextWAVE,,,,,,,NEXT 2,CFW
contra,LEGENDS,LEGENDS PI,PLAYER,ARCADE,ARCADE ELITE,PLAYER ELITE,MINI,GEMS 300,,DIAMONDS,NEXT 2,CFW
coolridr,,,,NextWAVE
cop01,,,PLAYER,ARCADE,ARCADE ELITE,,,,,DIAMONDS,NEXT 2,CFW
cosmccop,,,MAX,ARCADE,,,,,,,NEXT 2,CFW
cosmica,,,PLAYER,ARCADE,ARCADE ELITE,,,,,DIAMONDS,NEXT 2,CFW
cosmogng,,,MAX,ARCADE,,,,,,DIAMONDS,,CFW
cotton,,,PLAYER,ARCADE,,,,,,DIAMONDS,NEXT 2,CFW
cotton2,LEGENDS,,PLAYER,ARCADE,ARCADE ELITE,PLAYER ELITE,,GEMS 300,,DIAMONDS,NEXT 2,CFW
cottonbm,,,PLAYER,ARCADE,,,,,,,NEXT 2,CFW
crimec,,,MAX,ARCADE,,,,,,DIAMONDS,NEXT 2,CFW
crimfght,,,MAX,ARCADE,,,,,,DIAMONDS,NEXT 2,CFW
crkdown,,,PLAYER,ARCADE,ARCADE ELITE,,,,,DIAMONDS,NEXT 2,CFW
crossbow,,,MAX,ARCADE,,,,,,DIAMONDS,NEXT 2,CFW
crshrace,,,MAX,ARCADE,,,,,,,NEXT 2,CFW
crswd2bl,,,MAX,ARCADE,,,,,,DIAMONDS,NEXT 2,CFW
crsword,,,PLAYER,ARCADE,ARCADE ELITE,,,,,DIAMONDS,NEXT 2,CFW
crush,,,,,,,,,,,,CFW
crusnusa,,,PLAYER,ARCADE,ARCADE ELITE,,,,,DIAMONDS,NEXT 2,CFW
crusnwld,,,,NextWAVE,,,,,,,,CFW
crysking,,,MAX,ARCADE,,,,,,,NEXT 2,CFW
csclub,,,PLAYER,ARCADE,ARCADE ELITE,,,,,DIAMONDS,NEXT 2,CFW
cshift,,,,NextWAVE
csilver,,,PLAYER,ARCADE,ARCADE ELITE,,,,,DIAMONDS,NEXT 2,CFW
csprint,LEGENDS,LEGENDS PI,PLAYER,ARCADE,ARCADE ELITE,PLAYER ELITE,MINI,GEMS 300,GEMS 150,DIAMONDS,NEXT 2,CFW
ctomaday,,,PLAYER,ARCADE,ARCADE ELITE,,,,,DIAMONDS,NEXT 2,CFW
ctribe,,,MAX,ARCADE,,,,,,DIAMONDS,NEXT 2,CFW
cutefght,,,,NextWAVE
cybattlr,,,,NextWAVE,,,,,,,NEXT 2,CFW
cyberbal2p,,,MAX,ARCADE,,,,,,DIAMONDS,NEXT 2,CFW
cyberlip,LEGENDS,LEGENDS PI,PLAYER,ARCADE,ARCADE ELITE,,,,,DIAMONDS,NEXT 2,CFW
cybots,,,PLAYER,ARCADE,ARCADE ELITE,PLAYER ELITE,,GEMS 300,,DIAMONDS,NEXT 2,CFW
cybrcomm,,,,NextWAVE
cybrcycc,,,,NextWAVE
cybsled,,,,NextWAVE
cyvern,LEGENDS,LEGENDS PI,PLAYER,ARCADE,ARCADE ELITE,PLAYER ELITE,MINI,GEMS 300,,DIAMONDS,NEXT 2,CFW
daioh,,,PLAYER,ARCADE,ARCADE ELITE,,,,,,NEXT 2,CFW
dangar,,,,NextWAVE,,,,,,,,CFW
dangseed,,,,NextWAVE,,,,,,,,CFW
daraku,,,,NextWAVE
darius,,,,ARCADE,,,,,,DIAMONDS,NEXT 2,CFW
darius2,,,,,,,,,,DIAMONDS,NEXT 2,CFW
darius2do,,,PLAYER,ARCADE,ARCADE ELITE
dariusg,,,MAX,ARCADE,,,,,,DIAMONDS,NEXT 2,CFW
darkedge,,,,NextWAVE
darkmist,,,,NextWAVE,,,,,,,,CFW
darkseal,LEGENDS,LEGENDS PI,PLAYER,ARCADE,ARCADE ELITE,,,,,DIAMONDS,NEXT 2,CFW
darwin,,,,NextWAVE
dassault,,,PLAYER,ARCADE,ARCADE ELITE,,,,,,,CFW
daytona,,,PLAYER,ARCADE,ARCADE ELITE,,,,,DIAMONDS,NEXT 2,CFW
dblaxle,,,,NextWAVE
dblewing,,,,NextWAVE,,,,,,,NEXT 2,CFW
dbreed,LEGENDS,LEGENDS PI,PLAYER,ARCADE,ARCADE ELITE,PLAYER ELITE,MINI,GEMS 300,GEMS 150,DIAMONDS,NEXT 2,CFW
dbz,,,,,,,,,,,,CFW
dbz2,,,,,,,,,,,,CFW
dbzvrvs,,,,,,,,,,,,CFW
ddcrew,,,MAX,ARCADE,,,,,,,NEXT 2,CFW
ddonpach,LEGENDS,LEGENDS PI,PLAYER,ARCADE,ARCADE ELITE,PLAYER ELITE,MINI,GEMS 300,,DIAMONDS,NEXT 2,CFW
ddp2,,,PLAYER,ARCADE,ARCADE ELITE,,,,,DIAMONDS,NEXT 2,CFW
ddpdfk,LEGENDS,LEGENDS PI,PLAYER,ARCADE,ARCADE ELITE,PLAYER ELITE,MINI,GEMS 300,,DIAMONDS,NEXT 2,CFW
ddpdoj,LEGENDS,LEGENDS PI,PLAYER,ARCADE,ARCADE ELITE,PLAYER ELITE,MINI,GEMS 300,,DIAMONDS,NEXT 2,CFW
ddragon,LEGENDS,LEGENDS PI,PLAYER,ARCADE,ARCADE ELITE,PLAYER ELITE,MINI,GEMS 300,GEMS 150,DIAMONDS,NEXT 2,CFW
ddragon2,LEGENDS,LEGENDS PI,PLAYER,ARCADE,ARCADE ELITE,PLAYER ELITE,MINI,GEMS 300,,DIAMONDS,NEXT 2,CFW
ddragon3,,,MAX,ARCADE,,,,,,DIAMONDS,NEXT 2,CFW
ddribble,,,MAX,ARCADE,,,,,,DIAMONDS,NEXT 2,CFW
ddsom,LEGENDS,LEGENDS PI,PLAYER,ARCADE,ARCADE ELITE,PLAYER ELITE,MINI,GEMS 300,GEMS 150,DIAMONDS,NEXT 2,CFW
ddtod,LEGENDS,LEGENDS PI,PLAYER,ARCADE,ARCADE ELITE,PLAYER ELITE,MINI,GEMS 300,GEMS 150,DIAMONDS,NEXT 2,CFW
ddux,,,PLAYER,ARCADE,,,,,,DIAMONDS,NEXT 2,CFW
deadang,LEGENDS,LEGENDS PI,PLAYER,ARCADE,ARCADE ELITE,,,,,DIAMONDS,NEXT 2,CFW
deadconx,,,PLAYER,ARCADE,ARCADE ELITE,,,,,DIAMONDS,NEXT 2,CFW
defender,LEGENDS,LEGENDS PI,PLAYER,ARCADE,ARCADE ELITE,PLAYER ELITE,MINI,GEMS 300,GEMS 150,DIAMONDS,NEXT 2,CFW
demonwld,,,MAX,ARCADE,,,,,,,NEXT 2,CFW
denjinmk,,,,NextWAVE,,,,,,,,CFW
desertbr,LEGENDS,LEGENDS PI,PLAYER,ARCADE,ARCADE ELITE,,,,,DIAMONDS,NEXT 2,CFW
desertwr,,,,NextWAVE,,,,,,,,CFW
devilw,,,PLAYER,ARCADE,ARCADE ELITE,,,,,DIAMONDS,NEXT 2,CFW
devstors,LEGENDS,LEGENDS PI,PLAYER,ARCADE,ARCADE ELITE,PLAYER ELITE,MINI,GEMS 300,,DIAMONDS,NEXT 2,CFW
diehard,,,,NextWAVE,,,,,,,NEXT 2,CFW
digdug,LEGENDS,LEGENDS PI,PLAYER,ARCADE,ARCADE ELITE,PLAYER ELITE,MINI,GEMS 300,GEMS 150,DIAMONDS,NEXT 2,CFW
digdug2,,,MAX,ARCADE,,,,,,DIAMONDS,,CFW
dimahoo,LEGENDS,LEGENDS PI,PLAYER,ARCADE,ARCADE ELITE,PLAYER ELITE,MINI,GEMS 300,,DIAMONDS,NEXT 2,CFW
dino,LEGENDS,LEGENDS PI,PLAYER,ARCADE,ARCADE ELITE,PLAYER ELITE,MINI,GEMS 300,GEMS 150,DIAMONDS,NEXT 2,CFW
dinorex,,,,NextWAVE,,,,,,,,CFW
dirtdash,,,,NextWAVE
dirtfoxj,,,,NextWAVE,,,,,,,,CFW
djboy,LEGENDS,LEGENDS PI,PLAYER,ARCADE,ARCADE ELITE,PLAYER ELITE,MINI,GEMS 300,GEMS 150,DIAMONDS,NEXT 2,CFW
dkong,LEGENDS,LEGENDS PI,PLAYER,ARCADE,ARCADE ELITE,PLAYER ELITE,MINI,GEMS 300,GEMS 150,DIAMONDS,NEXT 2,CFW
dkong3,LEGENDS,LEGENDS PI,PLAYER,ARCADE,ARCADE ELITE,PLAYER ELITE,MINI,GEMS 300,,DIAMONDS,NEXT 2,CFW
dkongjr,LEGENDS,LEGENDS PI,PLAYER,ARCADE,ARCADE ELITE,PLAYER ELITE,MINI,GEMS 300,GEMS 150,DIAMONDS,NEXT 2,CFW
dkongx,,,PLAYER,ARCADE,ARCADE ELITE,,,,,DIAMONDS,NEXT 2,CFW
dkongx11,,,PLAYER,ARCADE,ARCADE ELITE,,,,,DIAMONDS,NEXT 2,CFW
dmnfrnt,LEGENDS,LEGENDS PI,PLAYER,ARCADE,ARCADE ELITE,PLAYER ELITE,MINI,GEMS 300,,DIAMONDS,NEXT 2,CFW
docastle,,,PLAYER,ARCADE,ARCADE ELITE,,,,,DIAMONDS,NEXT 2,CFW
dogyuun,,,,NextWAVE,,,,,,,NEXT 2,CFW
domino,,,,NextWAVE
dondokod,,,MAX,ARCADE,,,,,,,NEXT 2,CFW
donpachi,,,PLAYER,ARCADE,ARCADE ELITE,,,,,DIAMONDS,NEXT 2,CFW
dorunrun,,,,NextWAVE,,,,,,,,CFW
dotron,,,PLAYER,ARCADE,,,,,,DIAMONDS,NEXT 2,CFW
doubledr,,,,NextWAVE
dowild,,,MAX,ARCADE,,,,,,DIAMONDS,NEXT 2,CFW
downtownj,,,MAX,ARCADE,,,,,,,,CFW
dragnblz,LEGENDS,LEGENDS PI,PLAYER,ARCADE,ARCADE ELITE,PLAYER ELITE,,GEMS 300,,DIAMONDS,NEXT 2,CFW
dragngun,,,MAX,ARCADE,,,,,,,NEXT 2,CFW
dragoona,,,,NextWAVE,,,,,,,,CFW
drgnbstr,,,PLAYER,ARCADE,,,,,,DIAMONDS,NEXT 2,CFW
drgnunit,,,MAX,ARCADE,,,,,,DIAMONDS
drifto94,,,,,,,,,,,,CFW
driftout,,,,NextWAVE,,,,,,,NEXT 2,CFW
drmicro,,,,NextWAVE
drtoppel,,,,,,,,,,,,CFW
dsaber,,,PLAYER,ARCADE,,,,,,DIAMONDS,NEXT 2,CFW
dsmbl,LEGENDS,LEGENDS PI,PLAYER,ARCADE,ARCADE ELITE,PLAYER ELITE,MINI,GEMS 300,GEMS 150,DIAMONDS,NEXT 2,CFW
dspirit,,,PLAYER,ARCADE,,,,,,DIAMONDS,NEXT 2,CFW
dstlk,LEGENDS,LEGENDS PI,PLAYER,ARCADE,ARCADE ELITE,PLAYER ELITE,MINI,GEMS 300,GEMS 150,DIAMONDS,NEXT 2,CFW
dunkshot,,,,NextWAVE,,,,,,,,CFW
dyger,,,,NextWAVE
dynagear,,,PLAYER,ARCADE,ARCADE ELITE,,,,,DIAMONDS,NEXT 2,CFW
dynduke,LEGENDS,LEGENDS PI,PLAYER,ARCADE,ARCADE ELITE,PLAYER ELITE,MINI,GEMS 300,GEMS 150,DIAMONDS,NEXT 2,CFW
dynwar,LEGENDS,LEGENDS PI,PLAYER,ARCADE,ARCADE ELITE,PLAYER ELITE,MINI,GEMS 300,GEMS 150,DIAMONDS,NEXT 2,CFW
earthjkr,,,,NextWAVE,,,,,,,,CFW
ecofghtr,LEGENDS,LEGENDS PI,PLAYER,ARCADE,ARCADE ELITE,,,,,DIAMONDS,NEXT 2,CFW
edf,,,,NextWAVE,,,,,,,,CFW
edrandy,,,PLAYER,ARCADE,,,,,,,NEXT 2,CFW
eightfrc,,,,NextWAVE,,,,,,,,CFW
eightman,,,PLAYER,ARCADE,,,,,,DIAMONDS,NEXT 2,CFW
elevator,LEGENDS,LEGENDS PI,PLAYER,ARCADE,ARCADE ELITE,PLAYER ELITE,MINI,GEMS 300,GEMS 150,DIAMONDS,NEXT 2,CFW
elvactr,LEGENDS,LEGENDS PI,PLAYER,ARCADE,ARCADE ELITE,PLAYER ELITE,MINI,,,DIAMONDS,NEXT 2,CFW
empcity,LEGENDS,LEGENDS PI,PLAYER,ARCADE,ARCADE ELITE,,,,,DIAMONDS,NEXT 2,CFW
enduror,LEGENDS,LEGENDS PI,PLAYER,ARCADE,ARCADE ELITE,PLAYER ELITE,MINI,GEMS 300,,DIAMONDS,NEXT 2,CFW
enforce,,,,NextWAVE
eprom,,,MAX,ARCADE,,,,,,DIAMONDS,NEXT 2,CFW
equites,,,,NextWAVE
esb,LEGENDS,LEGENDS PI,PLAYER,ARCADE,ARCADE ELITE,,,,,DIAMONDS,NEXT 2,CFW
esckids,,,PLAYER,ARCADE,ARCADE ELITE,,,,,,,CFW
espgal,LEGENDS,LEGENDS PI,PLAYER,ARCADE,ARCADE ELITE,PLAYER ELITE,MINI,GEMS 300,GEMS 150,DIAMONDS,NEXT 2,CFW
espgal2,LEGENDS,LEGENDS PI,PLAYER,ARCADE,ARCADE ELITE,PLAYER ELITE,MINI,,,DIAMONDS,NEXT 2,CFW
esprade,LEGENDS,LEGENDS PI,PLAYER,ARCADE,ARCADE ELITE,PLAYER ELITE,MINI,GEMS 300,GEMS 150,DIAMONDS,NEXT 2,CFW
eswat,LEGENDS,LEGENDS PI,PLAYER,ARCADE,ARCADE ELITE,PLAYER ELITE,MINI,GEMS 300,GEMS 150,DIAMONDS,NEXT 2,CFW
evilston,,,,NextWAVE,,,,,,,,CFW
excthour,LEGENDS,LEGENDS PI,PLAYER,ARCADE,ARCADE ELITE,PLAYER ELITE,MINI,GEMS 300,,DIAMONDS,NEXT 2,CFW
exedexes,LEGENDS,LEGENDS PI,PLAYER,ARCADE,ARCADE ELITE,PLAYER ELITE,MINI,GEMS 300,GEMS 150,DIAMONDS,NEXT 2,CFW
exerion,LEGENDS,LEGENDS PI,PLAYER,ARCADE,ARCADE ELITE,PLAYER ELITE,MINI,,,DIAMONDS,NEXT 2,CFW
exprraid,LEGENDS,LEGENDS PI,PLAYER,ARCADE,ARCADE ELITE,PLAYER ELITE,MINI,,,DIAMONDS,NEXT 2,CFW
exterm,,,,NextWAVE
extrmatn,,,,NextWAVE,,,,,,,,CFW
exvania,,,MAX,ARCADE,,,,,,,NEXT 2,CFW
exzisus,,,,,,,,,,,,CFW
eyes,,,MAX,ARCADE,,,,,,DIAMONDS,,CFW
f1en,,,,,,,,,,,,CFW
f1gp,,,,,,,,,,,,CFW
f1gpstar,,,,NextWAVE,,,,,,,,CFW
fantasyu,,,,NextWAVE,,,,,,,,CFW
fantjour,,,PLAYER,ARCADE,ARCADE ELITE,,,,,DIAMONDS,NEXT 2,CFW
fantzn2,,,,NextWAVE,,,,,,,NEXT 2,CFW
fantzone,,,PLAYER,ARCADE,ARCADE ELITE,,,,,DIAMONDS,NEXT 2,CFW
fastlane,,,,NextWAVE,,,,,,,NEXT 2,CFW
fatfursp,,,PLAYER,ARCADE,ARCADE ELITE,PLAYER ELITE,,GEMS 300,,DIAMONDS,NEXT 2,CFW
fatfury1,,,MAX,ARCADE,,,,,,DIAMONDS,NEXT 2,CFW
fatfury2,,,PLAYER,ARCADE,ARCADE ELITE,,,,,DIAMONDS,,CFW
fatfury3,,,MAX,ARCADE,,,,,,DIAMONDS,,CFW
fbfrenzy,,,MAX,ARCADE,,,,,,DIAMONDS,NEXT 2,CFW
feversos,,,MAX,ARCADE,,,,,,DIAMONDS,NEXT 2,CFW
ffight,LEGENDS,LEGENDS PI,PLAYER,ARCADE,ARCADE ELITE,PLAYER ELITE,MINI,GEMS 300,GEMS 150,DIAMONDS,NEXT 2,CFW
ffreveng,,,,NextWAVE
fghthist,,,,NextWAVE,,,,,,,,CFW
fhawk,,,,NextWAVE,,,,,,,NEXT 2,CFW
finalb,,,MAX,ARCADE,,,,,,DIAMONDS,NEXT 2,CFW
finalizr,,,,,,,,,,,,CFW
finallap,,,,,,,,,,,,CFW
firebarr,,,,,,,,,,,NEXT 2,CFW
fireshrk,,,MAX,ARCADE,,,,,,DIAMONDS,NEXT 2,CFW
firetrap,,,MAX,ARCADE,,,,,,DIAMONDS
fixeight,,,PLAYER,ARCADE,,,,,,DIAMONDS,NEXT 2,CFW
flicky,LEGENDS,LEGENDS PI,PLAYER,ARCADE,ARCADE ELITE,PLAYER ELITE,MINI,GEMS 300,,DIAMONDS,NEXT 2,CFW
flipshot,,,MAX,ARCADE,,,,,,DIAMONDS,NEXT 2,CFW
foodf2,,,PLAYER,ARCADE,ARCADE ELITE,,,,,DIAMONDS,NEXT 2,CFW
footchmp,,,MAX,ARCADE,,,,,,DIAMONDS
forgottn,LEGENDS,LEGENDS PI,PLAYER,ARCADE,ARCADE ELITE,PLAYER ELITE,MINI,GEMS 300,GEMS 150,DIAMONDS,NEXT 2,CFW
formatz,,,,NextWAVE
frenzy,,,,NextWAVE
frogger,LEGENDS,LEGENDS PI,PLAYER,ARCADE,ARCADE ELITE,PLAYER ELITE,MINI,GEMS 300,GEMS 150,DIAMONDS,NEXT 2,CFW
frontlin,LEGENDS,LEGENDS PI,PLAYER,ARCADE,ARCADE ELITE,,,,,DIAMONDS,NEXT 2,CFW
fround,,,PLAYER,ARCADE,ARCADE ELITE,,,,,DIAMONDS,NEXT 2,CFW
fshark,LEGENDS,LEGENDS PI,PLAYER,ARCADE,ARCADE ELITE,PLAYER ELITE,MINI,GEMS 300,GEMS 150,DIAMONDS,NEXT 2,CFW
fsoccer,,,,NextWAVE,,,,,,,,CFW
fstarfrc,,,,NextWAVE,,,,,,,,CFW
futari10,LEGENDS,LEGENDS PI,PLAYER,ARCADE,ARCADE ELITE,PLAYER ELITE,MINI,GEMS 300,GEMS 150,DIAMONDS,NEXT 2,CFW
ga2,LEGENDS,LEGENDS PI,PLAYER,ARCADE,ARCADE ELITE,PLAYER ELITE,MINI,GEMS 300,,DIAMONDS,NEXT 2,CFW
gaia,,,,NextWAVE
gaialast,,,,NextWAVE
gaiapols,,,,NextWAVE,,,,,,,NEXT 2,CFW
gaiden,LEGENDS,LEGENDS PI,PLAYER,ARCADE,ARCADE ELITE,PLAYER ELITE,MINI,GEMS 300,GEMS 150,DIAMONDS,NEXT 2,CFW
galaga,LEGENDS,LEGENDS PI,PLAYER,ARCADE,ARCADE ELITE,PLAYER ELITE,MINI,GEMS 300,GEMS 150,DIAMONDS,NEXT 2,CFW
galaga88,LEGENDS,LEGENDS PI,PLAYER,ARCADE,ARCADE ELITE,,,,,DIAMONDS,NEXT 2,CFW
galastrm,,,,NextWAVE
galaxian,LEGENDS,LEGENDS PI,PLAYER,ARCADE,ARCADE ELITE,PLAYER ELITE,MINI,GEMS 300,GEMS 150,DIAMONDS,NEXT 2,CFW
galaxyfg,,,,NextWAVE
galivan,,,PLAYER,ARCADE,ARCADE ELITE,,,,,DIAMONDS,NEXT 2,CFW
gangwars,,,MAX,ARCADE,,,,,,DIAMONDS,NEXT 2,CFW
ganryu,,,MAX,ARCADE,,,,,,DIAMONDS,NEXT 2,CFW
gaplus,LEGENDS,LEGENDS PI,PLAYER,ARCADE,ARCADE ELITE,PLAYER ELITE,MINI,GEMS 300,,DIAMONDS,NEXT 2,CFW
garou,LEGENDS,LEGENDS PI,PLAYER,ARCADE,ARCADE ELITE,PLAYER ELITE,MINI,GEMS 300,GEMS 150,DIAMONDS,NEXT 2,CFW
garyoret,,,,,,,,,,,,CFW
gaunt2,,,PLAYER,NextWAVE,,,,,,,NEXT 2
gaunt22p,LEGENDS,LEGENDS PI,PLAYER,ARCADE,ARCADE ELITE,PLAYER ELITE,MINI,GEMS 300,GEMS 150,DIAMONDS,NEXT 2,CFW
gauntleg,,,,ARCADE,,,,,,DIAMONDS,NEXT 2,CFW
gauntlet,,,,,,,,,,,NEXT 2
gauntlet2p,,,MAX,ARCADE,,,,,,DIAMONDS,NEXT 2,CFW
gaxeduel,,,MAX,ARCADE,,,,,,DIAMONDS,NEXT 2,CFW
gberet,LEGENDS,LEGENDS PI,PLAYER,ARCADE,ARCADE ELITE,PLAYER ELITE,MINI,GEMS 300,GEMS 150,DIAMONDS,NEXT 2,CFW
gbusters,LEGENDS,LEGENDS PI,PLAYER,ARCADE,ARCADE ELITE,,,,,DIAMONDS,NEXT 2,CFW
gdarius,,,,NextWAVE
gdarius2,,,,NextWAVE
gekiridn,,,,NextWAVE
gemini,,,MAX,ARCADE,,,,,,DIAMONDS,,CFW
genix,,,,NextWAVE,,,,,,,,CFW
gforce2,LEGENDS,LEGENDS PI,PLAYER,ARCADE,ARCADE ELITE,PLAYER ELITE,MINI,GEMS 300,,DIAMONDS,NEXT 2,CFW
gground,,,MAX,ARCADE,,,,,,DIAMONDS,NEXT 2,CFW
ghostb,,,MAX,ARCADE,,,,,,DIAMONDS,NEXT 2,CFW
ghostlop,,,,,,,,,,,,CFW
ghoulsu,LEGENDS,LEGENDS PI,PLAYER,ARCADE,ARCADE ELITE,PLAYER ELITE,MINI,GEMS 300,GEMS 150,DIAMONDS,NEXT 2,CFW
ghoxj,,,MAX,ARCADE,,,,,,,NEXT 2,CFW
gigandes,,,,NextWAVE,,,,,,,,CFW
gigawing,LEGENDS,LEGENDS PI,PLAYER,ARCADE,ARCADE ELITE,PLAYER ELITE,MINI,GEMS 300,,DIAMONDS,NEXT 2,CFW
gijoe,LEGENDS,LEGENDS PI,PLAYER,ARCADE,ARCADE ELITE,PLAYER ELITE,MINI,GEMS 300,,DIAMONDS,NEXT 2,CFW
gladiatr,LEGENDS,LEGENDS PI,PLAYER,ARCADE,ARCADE ELITE,,,,,DIAMONDS,NEXT 2,CFW
gloc,,,MAX,ARCADE,,,,,,DIAMONDS,NEXT 2,CFW
gnbarich,,,MAX,ARCADE,,,,,,,NEXT 2,CFW
gng,LEGENDS,LEGENDS PI,PLAYER,ARCADE,ARCADE ELITE,PLAYER ELITE,MINI,GEMS 300,GEMS 150,DIAMONDS,NEXT 2,CFW
gogomile,,,,NextWAVE
goldnaxe,LEGENDS,LEGENDS PI,PLAYER,ARCADE,ARCADE ELITE,PLAYER ELITE,MINI,GEMS 300,,DIAMONDS,NEXT 2,CFW
gondo,,,MAX,ARCADE,,,,,,DIAMONDS
gorf,LEGENDS,LEGENDS PI,PLAYER,ARCADE,,,,,,DIAMONDS,NEXT 2,CFW
gowcaizr,,,,ARCADE,,,,,,,,CFW
gpilots,,,PLAYER,ARCADE,ARCADE ELITE,,,,,DIAMONDS,NEXT 2,CFW
gprider,,,,NextWAVE,,,,,,,NEXT 2,CFW
gradius,,,PLAYER,ARCADE,ARCADE ELITE,,,,,DIAMONDS,NEXT 2,CFW
gradius2,LEGENDS,LEGENDS PI,PLAYER,ARCADE,ARCADE ELITE,PLAYER ELITE,MINI,GEMS 300,GEMS 150,DIAMONDS,NEXT 2,CFW
gradius3,,,PLAYER,ARCADE,,,,,,DIAMONDS,NEXT 2,CFW
gradius4,,,MAX,ARCADE,,,,,,,,CFW
gratia,,,,ARCADE,,,,,,,NEXT 2,CFW
gravitar,,,MAX,ARCADE,,,,,,DIAMONDS,,CFW
grdforce,,,,NextWAVE,,,,,,,,CFW
grdians,,,,NextWAVE,,,,,,,NEXT 2,CFW
grindstm,,,,NextWAVE,,,,,,,NEXT 2,CFW
groundfx,,,,NextWAVE,,,,,,,,CFW
growl,,,PLAYER,ARCADE,,,,,,DIAMONDS,NEXT 2,CFW
gseeker,,,,,,,,,,,,CFW
gstream,,,,NextWAVE
gt2k,,,MAX,ARCADE,,,,,,DIAMONDS,NEXT 2,CFW
gt99,,,PLAYER,ARCADE,ARCADE ELITE,,,,,DIAMONDS,NEXT 2,CFW
gtfore06,LEGENDS,,PLAYER,ARCADE,ARCADE ELITE,,,,,DIAMONDS,NEXT 2,CFW
gtg,,,,,,,,,,,,CFW
gtg2,,,,,,,,,,,,CFW
gtmr2,,,PLAYER,ARCADE,ARCADE ELITE,,,,,DIAMONDS,NEXT 2,CFW
gtmrusa,,,PLAYER,ARCADE,ARCADE ELITE,,,,,DIAMONDS,NEXT 2,CFW
guardian,,,,NextWAVE,,,,,,,,CFW
gulfstrm,,,,NextWAVE
gunbird,,,PLAYER,ARCADE,ARCADE ELITE,,,,,DIAMONDS,NEXT 2,CFW
gunbird2,,,PLAYER,ARCADE,ARCADE ELITE,PLAYER ELITE,,GEMS 300,,DIAMONDS,NEXT 2,CFW
gundhara,,,PLAYER,ARCADE,ARCADE ELITE,,,,,DIAMONDS,NEXT 2,CFW
gunforc2,,,PLAYER,ARCADE,ARCADE ELITE,,,,,DIAMONDS,NEXT 2,CFW
gunforce,LEGENDS,LEGENDS PI,PLAYER,ARCADE,ARCADE ELITE,,,,,DIAMONDS,NEXT 2,CFW
gunlock,,,PLAYER,ARCADE,ARCADE ELITE,,,,,DIAMONDS,NEXT 2,CFW
gunnail,,,,NextWAVE,,,,,,,,CFW
gunsmoke,LEGENDS,LEGENDS PI,PLAYER,ARCADE,ARCADE ELITE,PLAYER ELITE,MINI,GEMS 300,GEMS 150,DIAMONDS,NEXT 2,CFW
guwange,LEGENDS,LEGENDS PI,PLAYER,ARCADE,ARCADE ELITE,PLAYER ELITE,MINI,GEMS 300,GEMS 150,DIAMONDS,NEXT 2,CFW
gwarb,LEGENDS,LEGENDS PI,PLAYER,ARCADE,ARCADE ELITE,PLAYER ELITE,MINI,GEMS 300,GEMS 150,DIAMONDS,NEXT 2,CFW
gyruss,LEGENDS,LEGENDS PI,PLAYER,ARCADE,ARCADE ELITE,PLAYER ELITE,MINI,GEMS 300,GEMS 150,DIAMONDS,NEXT 2,CFW
hachamfb,,,,,,,,,,,,CFW
halleysc,,,,NextWAVE
hangon,LEGENDS,LEGENDS PI,MAX,ARCADE,,,,,,DIAMONDS,NEXT 2,CFW
hangzo,,,,,,,,,,,,CFW
harddriv,,,MAX,ARCADE,,,,,,DIAMONDS,NEXT 2,CFW
harddunk,,,,NextWAVE,,,,,,,,CFW
hbarrel,LEGENDS,LEGENDS PI,PLAYER,ARCADE,ARCADE ELITE,PLAYER ELITE,MINI,GEMS 300,GEMS 150,DIAMONDS,NEXT 2,CFW
hcastle,,,PLAYER,ARCADE,ARCADE ELITE,,,,,DIAMONDS,NEXT 2,CFW
heatbrl,,,MAX,ARCADE,,,,,,DIAMONDS,NEXT 2,CFW
hellfire,,,,NextWAVE,,,,,,,,CFW
hharry,LEGENDS,LEGENDS PI,PLAYER,ARCADE,ARCADE ELITE,,,,,DIAMONDS,NEXT 2,CFW
higemaru,LEGENDS,LEGENDS PI,PLAYER,ARCADE,ARCADE ELITE,,,,,DIAMONDS,NEXT 2,CFW
hippodrm,LEGENDS,LEGENDS PI,PLAYER,ARCADE,ARCADE ELITE,PLAYER ELITE,MINI,GEMS 300,GEMS 150,DIAMONDS,NEXT 2,CFW
hitice,,,MAX,ARCADE,,,,,,,NEXT 2,CFW
holo,,,,NextWAVE
hook,,,MAX,ARCADE,,,,,,,,CFW
hoops96,,,,NextWAVE,,,,,,,,CFW
horizon,,,,NextWAVE,,,,,,,,CFW
hotchase,,,PLAYER,ARCADE,ARCADE ELITE,,,,,DIAMONDS,NEXT 2,CFW
hotdogst,,,,NextWAVE,,,,,,,NEXT 2,CFW
hotrod,,,,NextWAVE
hsf2,LEGENDS,LEGENDS PI,PLAYER,ARCADE,ARCADE ELITE,PLAYER ELITE,MINI,GEMS 300,,DIAMONDS,NEXT 2,CFW
hvymetal,,,,NextWAVE
hvysmsh,,,,NextWAVE,,,,,,,,CFW
hvyunit,,,,NextWAVE,,,,,,,,CFW
hydra,,,,NextWAVE
hyperpac,,,,NextWAVE,,,,,,,,CFW
hyperspt,LEGENDS,LEGENDS PI,PLAYER,ARCADE,ARCADE ELITE,,,,,DIAMONDS,NEXT 2,CFW
hyprduel,,,,NextWAVE,,,,,,,,CFW
ibarablk,LEGENDS,LEGENDS PI,PLAYER,ARCADE,ARCADE ELITE,PLAYER ELITE,MINI,GEMS 300,,DIAMONDS,NEXT 2,CFW
ikari,LEGENDS,LEGENDS PI,PLAYER,ARCADE,ARCADE ELITE,PLAYER ELITE,MINI,GEMS 300,GEMS 150,DIAMONDS,NEXT 2,CFW
ikari3,LEGENDS,LEGENDS PI,PLAYER,ARCADE,ARCADE ELITE,PLAYER ELITE,,GEMS 300,,DIAMONDS,NEXT 2,CFW
imgfight,,,PLAYER,ARCADE,,,,,,DIAMONDS,NEXT 2,CFW
indyheat,,,,,,,,,,,,CFW
indytemp,LEGENDS,LEGENDS PI,PLAYER,ARCADE,ARCADE ELITE,PLAYER ELITE,MINI,GEMS 300,,DIAMONDS,NEXT 2,CFW
insectx,,,MAX,ARCADE,,,,,,,NEXT 2,CFW
inthunt,LEGENDS,LEGENDS PI,PLAYER,ARCADE,ARCADE ELITE,PLAYER ELITE,MINI,GEMS 300,GEMS 150,DIAMONDS,NEXT 2,CFW
invaders,,LEGENDS PI,PLAYER,ARCADE,ARCADE ELITE,,MINI,GEMS 300,GEMS 150,DIAMONDS,NEXT 2,CFW
invadpt2,LEGENDS,LEGENDS PI,PLAYER,NextWAVE,,PLAYER ELITE
irobot,,,PLAYER,ARCADE,ARCADE ELITE,,,,,,,CFW
ironclad,,,PLAYER,ARCADE,ARCADE ELITE,,,,,DIAMONDS,NEXT 2,CFW
ironfort,,,,NextWAVE
ironhors,LEGENDS,LEGENDS PI,PLAYER,ARCADE,ARCADE ELITE,PLAYER ELITE,MINI,,,DIAMONDS,NEXT 2,CFW
irrmaze,,,MAX,ARCADE,,,,,,,,CFW
jackal,LEGENDS,LEGENDS PI,PLAYER,ARCADE,ARCADE ELITE,PLAYER ELITE,MINI,GEMS 300,GEMS 150,DIAMONDS,NEXT 2,CFW
jailbrek,LEGENDS,LEGENDS PI,PLAYER,ARCADE,ARCADE ELITE,PLAYER ELITE,MINI,,,DIAMONDS,NEXT 2,CFW
jchan,,,,NextWAVE
jchan2,,,,NextWAVE
jdreddp,,,MAX,ARCADE,,,,,,DIAMONDS,NEXT 2,CFW
jedi,LEGENDS,LEGENDS PI,PLAYER,ARCADE,ARCADE ELITE,,,,,DIAMONDS,NEXT 2,CFW
jjsquawk,,,MAX,ARCADE,,,,,,,NEXT 2,CFW
joemacr,,,PLAYER,ARCADE,ARCADE ELITE,,,,,DIAMONDS,NEXT 2,CFW
jojoban,LEGENDS,LEGENDS PI,PLAYER,ARCADE,ARCADE ELITE,PLAYER ELITE,MINI,GEMS 300,,DIAMONDS,NEXT 2,CFW
jojon,,,MAX,ARCADE,,,,,,DIAMONDS,NEXT 2,CFW
journey,,,,NextWAVE
joust,LEGENDS,LEGENDS PI,PLAYER,ARCADE,ARCADE ELITE,PLAYER ELITE,MINI,GEMS 300,GEMS 150,DIAMONDS,NEXT 2,CFW
joust2,,,PLAYER,ARCADE,ARCADE ELITE,,,,,DIAMONDS,NEXT 2,CFW
jpark,,,,NextWAVE,,,,,,,NEXT 2,CFW
jrpacman,,,MAX,ARCADE,,,,,,DIAMONDS,,CFW
jumpbug,,,,NextWAVE
junglek,LEGENDS,LEGENDS PI,PLAYER,ARCADE,ARCADE ELITE,PLAYER ELITE,MINI,GEMS 300,,DIAMONDS,NEXT 2,CFW
junofrst,LEGENDS,LEGENDS PI,PLAYER,ARCADE,ARCADE ELITE,PLAYER ELITE,MINI,GEMS 300,,DIAMONDS,NEXT 2,CFW
kabukikl,,,PLAYER,ARCADE,ARCADE ELITE,,,,,DIAMONDS,NEXT 2,CFW
kabukiz,,,,NextWAVE,,,,,,,NEXT 2,CFW
kageki,LEGENDS,LEGENDS PI,PLAYER,ARCADE,ARCADE ELITE,PLAYER ELITE,MINI,GEMS 300,,DIAMONDS,NEXT 2,CFW
kaiserkn,,,,,,,,,,,,CFW
kangaroo,LEGENDS,LEGENDS PI,PLAYER,ARCADE,ARCADE ELITE,PLAYER ELITE,MINI,,,DIAMONDS,NEXT 2,CFW
karatblz,,,MAX,ARCADE,,,,,,,NEXT 2
karatour,,,,NextWAVE,,,,,,,,CFW
karnov,LEGENDS,LEGENDS PI,PLAYER,ARCADE,ARCADE ELITE,PLAYER ELITE,MINI,GEMS 300,,DIAMONDS,NEXT 2,CFW
karnovr,,,MAX,ARCADE,,,,,,DIAMONDS,,CFW
kazan,,,PLAYER,ARCADE,ARCADE ELITE,,,,,,NEXT 2,CFW
kbash,,,,NextWAVE,,,,,,,,CFW
kbash2,,,,NextWAVE
kchamp,LEGENDS,LEGENDS PI,PLAYER,ARCADE,ARCADE ELITE,PLAYER ELITE,MINI,GEMS 300,GEMS 150,DIAMONDS,NEXT 2,CFW
ket,LEGENDS,LEGENDS PI,PLAYER,ARCADE,ARCADE ELITE,PLAYER ELITE,MINI,GEMS 300,,DIAMONDS,NEXT 2,CFW
kicker,LEGENDS,LEGENDS PI,PLAYER,ARCADE,ARCADE ELITE,PLAYER ELITE,MINI,GEMS 300,GEMS 150,DIAMONDS,NEXT 2,CFW
kicknrun,LEGENDS,LEGENDS PI,PLAYER,ARCADE,ARCADE ELITE,,,,,DIAMONDS,NEXT 2,CFW
kidniki,,,MAX,ARCADE,,,,,,DIAMONDS,NEXT 2,CFW
kikcubic,,,,NextWAVE,,,,,,,NEXT 2,CFW
kikikai,,,,NextWAVE,,,,,,,NEXT 2,CFW
kingdmgp,,,PLAYER,ARCADE,ARCADE ELITE,,,,,DIAMONDS,NEXT 2,CFW
kingofb,,,,NextWAVE,,,,,,,,CFW
kinst,LEGENDS,,PLAYER,ARCADE,ARCADE ELITE,PLAYER ELITE,MINI,GEMS 300,,DIAMONDS,NEXT 2,CFW
kinst2,LEGENDS,,PLAYER,ARCADE,ARCADE ELITE,PLAYER ELITE,MINI,GEMS 300,,DIAMONDS,NEXT 2,CFW
kizuna,,,PLAYER,ARCADE,ARCADE ELITE,,,,,DIAMONDS,NEXT 2,CFW
klax,,,PLAYER,ARCADE,ARCADE ELITE,,,,,DIAMONDS,NEXT 2,CFW
kncljoe,LEGENDS,LEGENDS PI,PLAYER,ARCADE,ARCADE ELITE,PLAYER ELITE,MINI,GEMS 300,,DIAMONDS,NEXT 2,CFW
knights,LEGENDS,LEGENDS PI,PLAYER,ARCADE,ARCADE ELITE,PLAYER ELITE,MINI,GEMS 300,GEMS 150,DIAMONDS,NEXT 2,CFW
kod,LEGENDS,LEGENDS PI,PLAYER,ARCADE,ARCADE ELITE,PLAYER ELITE,MINI,GEMS 300,GEMS 150,DIAMONDS,NEXT 2,CFW
kof2000,,,PLAYER,ARCADE,ARCADE ELITE,,,,,DIAMONDS,NEXT 2,CFW
kof2001,,,PLAYER,ARCADE,ARCADE ELITE,,,,,DIAMONDS,,CFW
kof2002,LEGENDS,LEGENDS PI,PLAYER,ARCADE,ARCADE ELITE,PLAYER ELITE,,GEMS 300,,DIAMONDS,NEXT 2,CFW
kof2003,,,PLAYER,ARCADE,ARCADE ELITE,,,,,DIAMONDS
kof94,,,MAX,ARCADE,,,,,,DIAMONDS,NEXT 2,CFW
kof95,,,PLAYER,ARCADE,ARCADE ELITE,PLAYER ELITE,,GEMS 300,,DIAMONDS,NEXT 2,CFW
kof96,,,MAX,ARCADE,,,,,,DIAMONDS,,CFW
kof97,,,MAX,ARCADE,,,,,,DIAMONDS,NEXT 2,CFW
kof98,LEGENDS,LEGENDS PI,PLAYER,ARCADE,ARCADE ELITE,PLAYER ELITE,MINI,GEMS 300,,DIAMONDS,NEXT 2,CFW
kof99,,,PLAYER,ARCADE,ARCADE ELITE,,,,,DIAMONDS,,CFW
kotm,,,MAX,ARCADE,,,,,,DIAMONDS,,CFW
kotm2,,,PLAYER,ARCADE,ARCADE ELITE,,,,,DIAMONDS,NEXT 2,CFW
kov,LEGENDS,LEGENDS PI,PLAYER,ARCADE,ARCADE ELITE,PLAYER ELITE,MINI,GEMS 300,,DIAMONDS,NEXT 2,CFW
kov2,LEGENDS,LEGENDS PI,PLAYER,ARCADE,ARCADE ELITE,PLAYER ELITE,,GEMS 300,,DIAMONDS,NEXT 2,CFW
kov3,,,,NextWAVE,,,,,,,,CFW
krull,,,MAX,ARCADE
kungfum,LEGENDS,LEGENDS PI,PLAYER,ARCADE,ARCADE ELITE,PLAYER ELITE,MINI,GEMS 300,GEMS 150,DIAMONDS,NEXT 2,CFW
kuniokunb,,,,NextWAVE,,,,,,,,CFW
kurikint,LEGENDS,LEGENDS PI,PLAYER,ARCADE,ARCADE ELITE,PLAYER ELITE,MINI,GEMS 300,,DIAMONDS,NEXT 2,CFW
kyros,,,,NextWAVE,,,,,,,,CFW
ladybug,LEGENDS,LEGENDS PI,PLAYER,ARCADE,ARCADE ELITE,PLAYER ELITE,MINI,,,DIAMONDS,NEXT 2,CFW
landmakr,,,,NextWAVE,,,,,,,,CFW
lastblad,,,PLAYER,ARCADE,ARCADE ELITE,,,,,DIAMONDS,NEXT 2,CFW
lastbld2,LEGENDS,LEGENDS PI,PLAYER,ARCADE,ARCADE ELITE,PLAYER ELITE,MINI,GEMS 300,GEMS 150,DIAMONDS,NEXT 2,CFW
lastduel,LEGENDS,LEGENDS PI,PLAYER,ARCADE,ARCADE ELITE,PLAYER ELITE,MINI,GEMS 300,,DIAMONDS,NEXT 2,CFW
lasthope,,,MAX,ARCADE,,,,,,DIAMONDS
lastmisn,,,MAX,ARCADE,,,,,,DIAMONDS
lbowling,,,MAX,ARCADE,,,,,,,,CFW
ldrun,,,MAX,ARCADE,,,,,,DIAMONDS,NEXT 2,CFW
ldrun2,,,,,,,,,,,NEXT 2,CFW
legendoh,,,,NextWAVE,,,,,,,,CFW
legion,,,,NextWAVE,,,,,,,NEXT 2,CFW
legionna,,,,NextWAVE,,,,,,,,CFW
lemmings,,,MAX,ARCADE,,,,,,DIAMONDS,NEXT 2,CFW
lethalen,,,PLAYER,ARCADE,ARCADE ELITE,,,,,,,CFW
lghost,,,,NextWAVE,,,,,,,NEXT 2,CFW
lgtnfght,,,PLAYER,ARCADE,ARCADE ELITE,,,,,DIAMONDS,NEXT 2,CFW
lightbr,,,PLAYER,ARCADE,,,,,,DIAMONDS,NEXT 2,CFW
liquidk,,,,NextWAVE,,,,,,,NEXT 2,CFW
lkage,LEGENDS,LEGENDS PI,PLAYER,ARCADE,ARCADE ELITE,PLAYER ELITE,,GEMS 300,,DIAMONDS,NEXT 2,CFW
llander,LEGENDS,LEGENDS PI,MAX,ARCADE,,,,,,DIAMONDS,NEXT 2,CFW
loderndf,LEGENDS,LEGENDS PI,PLAYER,ARCADE,ARCADE ELITE,,,,,DIAMONDS,NEXT 2,CFW
loffire,,,MAX,ARCADE,,,,,,DIAMONDS,NEXT 2,CFW
loht,LEGENDS,LEGENDS PI,PLAYER,ARCADE,ARCADE ELITE,PLAYER ELITE,MINI,GEMS 300,,DIAMONDS,NEXT 2,CFW
lrescue,LEGENDS,LEGENDS PI,PLAYER,ARCADE,ARCADE ELITE,,,,,DIAMONDS,NEXT 2,CFW
lresort,,,MAX,ARCADE,,,,,,DIAMONDS,NEXT 2,CFW
lsasquad,,,,NextWAVE,,,,,,,,CFW
ltswords,,,,NextWAVE,,,,,,,NEXT 2,CFW
luckywld,,,MAX,ARCADE,,,,,,,NEXT 2,CFW
lwings,LEGENDS,LEGENDS PI,PLAYER,ARCADE,ARCADE ELITE,PLAYER ELITE,MINI,GEMS 300,,DIAMONDS,NEXT 2,CFW
mace,,,,NextWAVE
macross,,,MAX,ARCADE,,,,,,DIAMONDS,NEXT 2,CFW
macross2,,,MAX,ARCADE,,,,,,,NEXT 2,CFW
macrossp,,,,NextWAVE,,,,,,,NEXT 2,CFW
madgear,LEGENDS,LEGENDS PI,PLAYER,ARCADE,ARCADE ELITE,PLAYER ELITE,MINI,,,DIAMONDS,NEXT 2,CFW
magdrop3,,,MAX,ARCADE,,,,,,DIAMONDS,NEXT 2,CFW
maglord,,,PLAYER,ARCADE,ARCADE ELITE,,,,,DIAMONDS,NEXT 2,CFW
magmax,LEGENDS,LEGENDS PI,PLAYER,ARCADE,ARCADE ELITE,PLAYER ELITE,MINI,GEMS 300,,DIAMONDS,NEXT 2,CFW
mainevt,,,MAX,ARCADE,,,,,,DIAMONDS,NEXT 2,CFW
majtitl2,,,PLAYER,ARCADE,ARCADE ELITE,,,,,DIAMONDS,NEXT 2,CFW
maketrxb,,,MAX,ARCADE,,,,,,DIAMONDS
mappy,LEGENDS,LEGENDS PI,PLAYER,ARCADE,ARCADE ELITE,PLAYER ELITE,,,,DIAMONDS,NEXT 2,CFW
marble,LEGENDS,LEGENDS PI,PLAYER,ARCADE,ARCADE ELITE,PLAYER ELITE,MINI,GEMS 300,,DIAMONDS,NEXT 2,CFW
mario,LEGENDS,LEGENDS PI,PLAYER,ARCADE,ARCADE ELITE,PLAYER ELITE,MINI,GEMS 300,GEMS 150,DIAMONDS,NEXT 2,CFW
martmast,,,PLAYER,ARCADE,ARCADE ELITE,PLAYER ELITE,,GEMS 300,,DIAMONDS,NEXT 2,CFW
matrim,,,PLAYER,ARCADE,ARCADE ELITE,PLAYER ELITE,,GEMS 300,,DIAMONDS,NEXT 2,CFW
mazinger,,,PLAYER,ARCADE,ARCADE ELITE,,,,,DIAMONDS,NEXT 2,CFW
mbombrd,,,MAX,ARCADE,,,,,,DIAMONDS,NEXT 2,CFW
mechatt,LEGENDS,LEGENDS PI,MAX,ARCADE,,,,,,,NEXT 2,CFW
megablst,,,,NextWAVE,,,,,,,,CFW
megaman2,,,PLAYER,ARCADE,ARCADE ELITE,,,,,DIAMONDS,NEXT 2,CFW
megazone,,,,NextWAVE,,,,,,,,CFW
mercs,LEGENDS,LEGENDS PI,PLAYER,ARCADE,ARCADE ELITE,PLAYER ELITE,MINI,GEMS 300,,DIAMONDS,NEXT 2,CFW
metamrph,,,MAX,ARCADE,,,,,,DIAMONDS,NEXT 2,CFW
metlhawk,,,MAX,ARCADE,,,,,,DIAMONDS,NEXT 2,CFW
metmqstr,,,,NextWAVE,,,,,,,,CFW
metrocrs,LEGENDS,LEGENDS PI,PLAYER,ARCADE,,,,,,DIAMONDS,NEXT 2,CFW
mfjump,,,MAX,ARCADE,,,,,,DIAMONDS,,CFW
mgcrystl,,,,NextWAVE,,,,,,,NEXT 2,CFW
mhavoc,LEGENDS,LEGENDS PI,PLAYER,ARCADE,ARCADE ELITE,,,,,DIAMONDS,NEXT 2,CFW
mia,LEGENDS,LEGENDS PI,PLAYER,ARCADE,ARCADE ELITE,,,,,DIAMONDS,NEXT 2,CFW
midres,LEGENDS,LEGENDS PI,PLAYER,ARCADE,ARCADE ELITE,PLAYER ELITE,MINI,GEMS 300,,DIAMONDS,NEXT 2,CFW
mikie,LEGENDS,LEGENDS PI,PLAYER,ARCADE,ARCADE ELITE,PLAYER ELITE,,,,DIAMONDS,NEXT 2,CFW
milliped,LEGENDS,LEGENDS PI,PLAYER,ARCADE,ARCADE ELITE,PLAYER ELITE,MINI,GEMS 300,,DIAMONDS,NEXT 2,CFW
misncrft,,,,NextWAVE
missile,LEGENDS,LEGENDS PI,PLAYER,ARCADE,ARCADE ELITE,PLAYER ELITE,MINI,GEMS 300,,DIAMONDS,NEXT 2,CFW
mk,LEGENDS,LEGENDS PI,PLAYER,ARCADE,ARCADE ELITE,PLAYER ELITE,,GEMS 300,,DIAMONDS,NEXT 2,CFW
mk2,LEGENDS,LEGENDS PI,PLAYER,ARCADE,ARCADE ELITE,PLAYER ELITE,MINI,GEMS 300,GEMS 150,DIAMONDS,NEXT 2,CFW
mk3,,,PLAYER,ARCADE,,,,,,DIAMONDS,NEXT 2,CFW
mk4,,,,NextWAVE
mmatrix,LEGENDS,LEGENDS PI,PLAYER,ARCADE,ARCADE ELITE,PLAYER ELITE,MINI,GEMS 300,GEMS 150,DIAMONDS,NEXT 2,CFW
mmaulers,,,,NextWAVE,,,,,,,NEXT 2,CFW
mmaze,,,MAX,ARCADE,,,,,,,NEXT 2,CFW
mmmbanc,,,PLAYER,NEW
mmpork,,,PLAYER,ARCADE,ARCADE ELITE,,,,,DIAMONDS,NEXT 2,CFW
mofflott,,,,NextWAVE,,,,,,,,CFW
monsterb,,,MAX,ARCADE,,,,,,DIAMONDS,NEXT 2,CFW
moomesa,LEGENDS,LEGENDS PI,PLAYER,ARCADE,ARCADE ELITE,PLAYER ELITE,MINI,GEMS 300,,DIAMONDS,NEXT 2,CFW
mooncrst,LEGENDS,LEGENDS PI,PLAYER,ARCADE,ARCADE ELITE,PLAYER ELITE,MINI,GEMS 300,,DIAMONDS,NEXT 2,CFW
mpang,,,PLAYER,ARCADE,ARCADE ELITE,PLAYER ELITE,,GEMS 300,,DIAMONDS,NEXT 2,CFW
mpatrol,LEGENDS,LEGENDS PI,PLAYER,ARCADE,ARCADE ELITE,PLAYER ELITE,MINI,GEMS 300,GEMS 150,DIAMONDS,NEXT 2,CFW
mplanets,,,MAX,ARCADE,,,,,,DIAMONDS,NEXT 2,CFW
mrdo,LEGENDS,LEGENDS PI,PLAYER,ARCADE,ARCADE ELITE,PLAYER ELITE,MINI,GEMS 300,GEMS 150,DIAMONDS,NEXT 2,CFW
mrdrillr,,,PLAYER,ARCADE,,,,,,DIAMONDS,NEXT 2,CFW
msh,LEGENDS,LEGENDS PI,PLAYER,ARCADE,ARCADE ELITE,PLAYER ELITE,MINI,GEMS 300,GEMS 150,DIAMONDS,NEXT 2,CFW
mshvsf,LEGENDS,LEGENDS PI,PLAYER,ARCADE,ARCADE ELITE,PLAYER ELITE,MINI,GEMS 300,GEMS 150,DIAMONDS,NEXT 2,CFW
mshvsfa,,,PLAYER,ARCADE,,,,,,DIAMONDS,NEXT 2,CFW
mslug,LEGENDS,LEGENDS PI,PLAYER,ARCADE,ARCADE ELITE,PLAYER ELITE,MINI,GEMS 300,GEMS 150,DIAMONDS,NEXT 2,CFW
mslug2t,,,PLAYER,ARCADE,ARCADE ELITE,,,,,DIAMONDS,NEXT 2,CFW
mslug3,LEGENDS,LEGENDS PI,PLAYER,ARCADE,ARCADE ELITE,PLAYER ELITE,MINI,GEMS 300,GEMS 150,DIAMONDS,NEXT 2,CFW
mslug4,LEGENDS,LEGENDS PI,PLAYER,ARCADE,ARCADE ELITE,PLAYER ELITE,MINI,GEMS 300,,DIAMONDS,NEXT 2,CFW
mslug5,LEGENDS,LEGENDS PI,PLAYER,ARCADE,ARCADE ELITE,PLAYER ELITE,MINI,GEMS 300,,DIAMONDS,NEXT 2,CFW
mslugx,LEGENDS,LEGENDS PI,PLAYER,ARCADE,ARCADE ELITE,PLAYER ELITE,MINI,GEMS 300,GEMS 150,DIAMONDS,NEXT 2,CFW
mspacman,LEGENDS,LEGENDS PI,PLAYER,ARCADE,ARCADE ELITE,PLAYER ELITE,MINI,GEMS 300,GEMS 150,DIAMONDS,NEXT 2,CFW
msword,LEGENDS,LEGENDS PI,PLAYER,ARCADE,ARCADE ELITE,PLAYER ELITE,MINI,GEMS 300,GEMS 150,DIAMONDS,NEXT 2,CFW
mtwins,,,PLAYER,ARCADE,ARCADE ELITE,,,,,DIAMONDS,NEXT 2,CFW
mushisam,,,PLAYER,ARCADE,ARCADE ELITE,,,,,DIAMONDS,NEXT 2,CFW
mustache,,,,NextWAVE,,,,,,,NEXT 2,CFW
mustang,LEGENDS,LEGENDS PI,PLAYER,ARCADE,ARCADE ELITE,,,,,DIAMONDS,NEXT 2,CFW
mutantf,,,MAX,ARCADE,,,,,,,NEXT 2,CFW
mutnat,,,PLAYER,ARCADE,,,,,,DIAMONDS,NEXT 2,CFW
mvsc,LEGENDS,LEGENDS PI,PLAYER,ARCADE,ARCADE ELITE,PLAYER ELITE,MINI,GEMS 300,GEMS 150,DIAMONDS,NEXT 2,CFW
mvscb,,,PLAYER,ARCADE,,,,,,DIAMONDS,NEXT 2,CFW
mwalk,LEGENDS,LEGENDS PI,PLAYER,ARCADE,ARCADE ELITE,PLAYER ELITE,MINI,GEMS 300,,DIAMONDS,NEXT 2,CFW
myhero,LEGENDS,LEGENDS PI,PLAYER,ARCADE,ARCADE ELITE,PLAYER ELITE,MINI,GEMS 300,,DIAMONDS,NEXT 2,CFW
mysticri,,,PLAYER,ARCADE,,,,,,,NEXT 2,CFW
mystston,,,,NextWAVE,,,,,,,NEXT 2,CFW
mystwarr,LEGENDS,LEGENDS PI,PLAYER,ARCADE,ARCADE ELITE,PLAYER ELITE,MINI,,,DIAMONDS,NEXT 2,CFW
nam1975,,,PLAYER,ARCADE,,,,,,DIAMONDS,NEXT 2,CFW
narc,LEGENDS,LEGENDS PI,PLAYER,ARCADE,ARCADE ELITE,PLAYER ELITE,MINI,GEMS 300,,DIAMONDS,NEXT 2,CFW
nastar,,,,ARCADE,,,,,,,NEXT 2,CFW
naughtyb,LEGENDS,LEGENDS PI,PLAYER,ARCADE,ARCADE ELITE,,,,,DIAMONDS,NEXT 2,CFW
nbahangt,,,PLAYER,ARCADE,ARCADE ELITE,,,,,DIAMONDS,NEXT 2,CFW
nbajam,,,,ARCADE,,,,,,DIAMONDS,,CFW
nbajamte,LEGENDS,LEGENDS PI,PLAYER,ARCADE,ARCADE ELITE,PLAYER ELITE,MINI,GEMS 300,,DIAMONDS,NEXT 2,CFW
nbamht,,,PLAYER,ARCADE,ARCADE ELITE,,,,,DIAMONDS,NEXT 2,CFW
nbbatman,,,PLAYER,ARCADE,ARCADE ELITE,,,,,DIAMONDS,NEXT 2,CFW
ncombat,,,PLAYER,ARCADE,ARCADE ELITE,,,,,DIAMONDS,NEXT 2,CFW
ncommand,,,PLAYER,ARCADE,ARCADE ELITE,,,,,DIAMONDS,NEXT 2,CFW
ncv1,,,,NextWAVE,,,,,,,,CFW
ncv2,,,,,,,,,,,,CFW
nebulray,,,PLAYER,ARCADE,ARCADE ELITE,,,,,DIAMONDS,NEXT 2,CFW
nemo,,,PLAYER,ARCADE,ARCADE ELITE,,,,,DIAMONDS,NEXT 2,CFW
neobombe,,,MAX,ARCADE,,,,,,DIAMONDS,,CFW
neodrift,LEGENDS,LEGENDS PI,PLAYER,NextWAVE,,,,,,,,CFW
neomrdo,,,,,,,,,,,,CFW
nibbler,,,MAX,ARCADE,,,,,,DIAMONDS,NEXT 2,CFW
nightstr,,,,NextWAVE,,,,,,,NEXT 2,CFW
ninclown,,,MAX,ARCADE,,,,,,DIAMONDS,NEXT 2,CFW
ninjak,,,MAX,ARCADE,,,,,,,NEXT 2,CFW
ninjakd2,,,PLAYER,ARCADE,ARCADE ELITE,,,,,DIAMONDS,NEXT 2,CFW
ninjamas,,,MAX,ARCADE,,,,,,DIAMONDS,,CFW
ninjaw,,,PLAYER,ARCADE,ARCADE ELITE,,,,,DIAMONDS,NEXT 2,CFW
ninjemak,,,,NextWAVE,,,,,,,NEXT 2,CFW
nitd,,,PLAYER,ARCADE,ARCADE ELITE,,,,,DIAMONDS,NEXT 2,CFW
nitrobal,,,PLAYER,ARCADE,,,,,,,NEXT 2,CFW
nost,,,,NextWAVE
nrallyx,,,,NextWAVE,,,,,,,,CFW
nslashers,LEGENDS,LEGENDS PI,PLAYER,ARCADE,ARCADE ELITE,PLAYER ELITE,MINI,GEMS 300,,DIAMONDS,NEXT 2,CFW
nspirit,LEGENDS,LEGENDS PI,PLAYER,ARCADE,ARCADE ELITE,PLAYER ELITE,MINI,GEMS 300,GEMS 150,DIAMONDS,NEXT 2,CFW
nwarr,,,PLAYER,ARCADE,ARCADE ELITE,PLAYER ELITE,,GEMS 300,,DIAMONDS,NEXT 2,CFW
nzeroteam,,,PLAYER,ARCADE,ARCADE ELITE,PLAYER ELITE,,GEMS 300,,DIAMONDS,NEXT 2,CFW
offroadt,LEGENDS,LEGENDS PI,PLAYER,ARCADE,ARCADE ELITE,,,,,DIAMONDS,NEXT 2,CFW
omegaf,,,,,,,,,,,,CFW
omegrace,,,,ARCADE,,,,,,DIAMONDS
openice,,,PLAYER,ARCADE,ARCADE ELITE,,,,,DIAMONDS,NEXT 2,CFW
opwolf,LEGENDS,LEGENDS PI,PLAYER,ARCADE,ARCADE ELITE,PLAYER ELITE,MINI,GEMS 300,,DIAMONDS,NEXT 2,CFW
opwolf3,,,,NextWAVE,,,,,,,,CFW
ordyne,,,MAX,ARCADE,,,,,,DIAMONDS,NEXT 2,CFW
orlegend,,,,NextWAVE,,,,,,,NEXT 2,CFW
orunners,LEGENDS,LEGENDS PI,PLAYER,ARCADE,ARCADE ELITE,,,,,DIAMONDS,NEXT 2,CFW
oscar,,,MAX,ARCADE,,,,,,DIAMONDS,,CFW
osman,,,PLAYER,ARCADE,ARCADE ELITE,,,,,DIAMONDS,NEXT 2,CFW
othunder,LEGENDS,LEGENDS PI,PLAYER,ARCADE,ARCADE ELITE,,,,,DIAMONDS,NEXT 2,CFW
outfxies,,,PLAYER,ARCADE,ARCADE ELITE,,,,,DIAMONDS,,CFW
outrun,LEGENDS,LEGENDS PI,PLAYER,ARCADE,ARCADE ELITE,PLAYER ELITE,MINI,GEMS 300,,DIAMONDS,NEXT 2,CFW
outzone,LEGENDS,LEGENDS PI,PLAYER,ARCADE,ARCADE ELITE,,,,,DIAMONDS,NEXT 2,CFW
overtop,,,MAX,ARCADE,,,,,,DIAMONDS
p47,,,MAX,ARCADE,,,,,,DIAMONDS,NEXT 2,CFW
p47aces,,,PLAYER,ARCADE,ARCADE ELITE,,,,,DIAMONDS,NEXT 2,CFW
pacland,LEGENDS,LEGENDS PI,PLAYER,ARCADE,ARCADE ELITE,,,,,DIAMONDS,NEXT 2,CFW
pacman,LEGENDS,LEGENDS PI,PLAYER,ARCADE,ARCADE ELITE,PLAYER ELITE,MINI,GEMS 300,GEMS 150,DIAMONDS,NEXT 2,CFW
pacmania,LEGENDS,LEGENDS PI,PLAYER,ARCADE,ARCADE ELITE,,,,,DIAMONDS,NEXT 2,CFW
pacnpal,,,MAX,ARCADE,,,,,,DIAMONDS
pandoras,,,,,,,,,,,,CFW
pang,,,MAX,ARCADE,,,,,,DIAMONDS,,CFW
panicstr,,,,,,,,,,,,CFW
paperboy,LEGENDS,LEGENDS PI,PLAYER,ARCADE,ARCADE ELITE,,,,,DIAMONDS,NEXT 2,CFW
parodius,,,PLAYER,ARCADE,ARCADE ELITE,,,,,DIAMONDS,NEXT 2,CFW
passsht,,,,,,,,,,,,CFW
pbaction,,,,NextWAVE
pbobble,,,MAX,ARCADE,,,,,,DIAMONDS,NEXT 2,CFW
pbobble2,,,,NextWAVE
pbobble3,,,,NextWAVE
pbobble4,LEGENDS,LEGENDS PI,PLAYER,ARCADE,ARCADE ELITE,,,,,DIAMONDS,NEXT 2,CFW
pdrift,LEGENDS,LEGENDS PI,PLAYER,ARCADE,ARCADE ELITE,PLAYER ELITE,MINI,GEMS 300,,DIAMONDS,NEXT 2,CFW
pengo,LEGENDS,LEGENDS PI,PLAYER,ARCADE,ARCADE ELITE,PLAYER ELITE,MINI,GEMS 300,,DIAMONDS,NEXT 2,CFW
peterpak,,,PLAYER,ARCADE,ARCADE ELITE,,,,,DIAMONDS,NEXT 2,CFW
phelios,,,MAX,ARCADE,,,,,,,NEXT 2,CFW
phoenix,LEGENDS,LEGENDS PI,PLAYER,ARCADE,ARCADE ELITE,PLAYER ELITE,MINI,GEMS 300,GEMS 150,DIAMONDS,NEXT 2,CFW
pinkswts,,,PLAYER,ARCADE,ARCADE ELITE,,,,,DIAMONDS,NEXT 2,CFW
pipedrm,,,,NextWAVE
pipibibs,,,,NextWAVE,,,,,,,NEXT 2,CFW
pirates,,,,NextWAVE,,,,,,,NEXT 2,CFW
pitfall2,LEGENDS,LEGENDS PI,PLAYER,ARCADE,,,,,,DIAMONDS,NEXT 2,CFW
pitfight,,,PLAYER,ARCADE,ARCADE ELITE,,,,,DIAMONDS,NEXT 2,CFW
plegends,,,,NextWAVE
pleiads,LEGENDS,LEGENDS PI,PLAYER,ARCADE,ARCADE ELITE,PLAYER ELITE,MINI,,,DIAMONDS,NEXT 2,CFW
plsmaswd,,,,NextWAVE
plusalph,,,,NextWAVE,,,,,,,NEXT 2,CFW
pnickj,,,,NextWAVE,,,,,,,NEXT 2,CFW
pocketrc,,,,NextWAVE
polepos,,,MAX,ARCADE,,,,,,DIAMONDS,NEXT 2
polepos2,,,PLAYER,ARCADE,ARCADE ELITE,,,,,DIAMONDS,NEXT 2,CFW
pong,,,,ARCADE,,,,,,DIAMONDS
pooyan,LEGENDS,LEGENDS PI,PLAYER,ARCADE,ARCADE ELITE,PLAYER ELITE,MINI,,,DIAMONDS,NEXT 2,CFW
popeye,LEGENDS,LEGENDS PI,PLAYER,ARCADE,ARCADE ELITE,PLAYER ELITE,MINI,,,DIAMONDS,NEXT 2,CFW
poundfor,,,PLAYER,ARCADE,ARCADE ELITE,,,,,DIAMONDS,NEXT 2,CFW
pow,LEGENDS,LEGENDS PI,PLAYER,ARCADE,ARCADE ELITE,PLAYER ELITE,MINI,GEMS 300,GEMS 150,DIAMONDS,NEXT 2,CFW
prehisle,,,MAX,ARCADE,,,,,,DIAMONDS,NEXT 2,CFW
preisle2,LEGENDS,LEGENDS PI,PLAYER,ARCADE,ARCADE ELITE,,,,,DIAMONDS,NEXT 2,CFW
prikura,,,,NextWAVE,,,,,,,NEXT 2,CFW
primrage,LEGENDS,LEGENDS PI,PLAYER,ARCADE,ARCADE ELITE,PLAYER ELITE,,GEMS 300,,DIAMONDS,NEXT 2,CFW
progear,LEGENDS,LEGENDS PI,PLAYER,ARCADE,ARCADE ELITE,PLAYER ELITE,MINI,GEMS 300,,DIAMONDS,NEXT 2,CFW
propcycl,,,,NextWAVE
pspikes,,,,,,,,,,,,CFW
psychic5,,,PLAYER,ARCADE,ARCADE ELITE,,,,,DIAMONDS,NEXT 2,CFW
psychos,LEGENDS,LEGENDS PI,PLAYER,ARCADE,ARCADE ELITE,,,,,DIAMONDS,NEXT 2,CFW
ptblank,,,MAX,ARCADE,,,,,,,NEXT 2,CFW
pulirula,,,,NextWAVE,,,,,,,NEXT 2,CFW
pulstar,LEGENDS,LEGENDS PI,PLAYER,ARCADE,ARCADE ELITE,,,,,DIAMONDS,NEXT 2,CFW
punchout,LEGENDS,LEGENDS PI,PLAYER,ARCADE,ARCADE ELITE,PLAYER ELITE,,GEMS 300,,DIAMONDS,NEXT 2,CFW
punisher,LEGENDS,LEGENDS PI,PLAYER,ARCADE,ARCADE ELITE,PLAYER ELITE,MINI,GEMS 300,GEMS 150,DIAMONDS,NEXT 2,CFW
punkshot,,,MAX,ARCADE
puyo,,,,,,,,,,,,CFW
puyopuy2,,,,,,,,,,,,CFW
puzzli2,,,,NextWAVE,,,,,,,,CFW
pzlbowl,,,,NextWAVE
qbert,LEGENDS,LEGENDS PI,PLAYER,ARCADE,ARCADE ELITE,PLAYER ELITE,MINI,GEMS 300,,DIAMONDS,NEXT 2,CFW
qbertqub,,,,NextWAVE
qix,,,MAX,ARCADE,,,,,,,,CFW
quartet2,LEGENDS,LEGENDS PI,PLAYER,ARCADE,ARCADE ELITE,PLAYER ELITE,MINI,GEMS 300,,DIAMONDS,NEXT 2,CFW
rabbit,,,,NextWAVE,,,,,,,NEXT 2,CFW
racedriv,,,,NextWAVE
rachero,,,,NextWAVE,,,,,,,,CFW
rackemup,,,,NextWAVE,,,,,,,NEXT 2
radarscp,,,MAX,ARCADE,,,,,,,NEXT 2,CFW
radikalb,,,,NextWAVE
radm,,,PLAYER,ARCADE,ARCADE ELITE,,,,,DIAMONDS,NEXT 2,CFW
radr,,,,NextWAVE
ragnagrd,,,,NextWAVE
raiden,LEGENDS,LEGENDS PI,PLAYER,ARCADE,ARCADE ELITE,,,,,DIAMONDS,NEXT 2,CFW
raiden2,,,PLAYER,ARCADE,,,,,,,,CFW
raidendx,LEGENDS,LEGENDS PI,PLAYER,ARCADE,ARCADE ELITE,PLAYER ELITE,MINI,,,DIAMONDS,NEXT 2,CFW
rallybik,,,MAX,ARCADE,,,,,,DIAMONDS,NEXT 2,CFW
rallyx,LEGENDS,LEGENDS PI,PLAYER,ARCADE,ARCADE ELITE,PLAYER ELITE,MINI,GEMS 300,,DIAMONDS,NEXT 2,CFW
rambo3,,,PLAYER,ARCADE,ARCADE ELITE,,,,,DIAMONDS,NEXT 2,CFW
rampage,LEGENDS,LEGENDS PI,PLAYER,ARCADE,ARCADE ELITE,PLAYER ELITE,MINI,,,DIAMONDS,NEXT 2,CFW
rampart2p,,,MAX,ARCADE,,,,,,DIAMONDS,NEXT 2,CFW
raphero,,,,NextWAVE,,,,,,,NEXT 2,CFW
rastsaga,LEGENDS,LEGENDS PI,PLAYER,ARCADE,ARCADE ELITE,PLAYER ELITE,MINI,GEMS 300,GEMS 150,DIAMONDS,NEXT 2,CFW
raveracw,LEGENDS,,PLAYER,ARCADE,ARCADE ELITE,PLAYER ELITE,,,,DIAMONDS,NEXT 2,CFW
raycris,,,,NextWAVE
raystorm,,,,ARCADE,,,,,,,NEXT 2,CFW
rbff1,,,MAX,ARCADE,,,,,,,,CFW
rbff2,,,PLAYER,ARCADE,ARCADE ELITE,,,,,DIAMONDS,,CFW
rbffspec,LEGENDS,LEGENDS PI,PLAYER,ARCADE,ARCADE ELITE,PLAYER ELITE,MINI,GEMS 300,,DIAMONDS,NEXT 2,CFW
rbisland,LEGENDS,LEGENDS PI,PLAYER,ARCADE,ARCADE ELITE,PLAYER ELITE,MINI,GEMS 300,GEMS 150,DIAMONDS,NEXT 2,CFW
rbislande,,,MAX,ARCADE,,,,,,DIAMONDS,NEXT 2
rchase,,,,NextWAVE,,,,,,,,CFW
rdft,LEGENDS,LEGENDS PI,PLAYER,ARCADE,ARCADE ELITE,PLAYER ELITE,MINI,GEMS 300,GEMS 150,DIAMONDS,NEXT 2,CFW
rdft2,LEGENDS,LEGENDS PI,PLAYER,ARCADE,ARCADE ELITE,PLAYER ELITE,MINI,,,DIAMONDS,NEXT 2,CFW
reactor,,,MAX,ARCADE,,,,,,DIAMONDS,NEXT 2,CFW
redearth,LEGENDS,LEGENDS PI,PLAYER,ARCADE,ARCADE ELITE,PLAYER ELITE,MINI,GEMS 300,,DIAMONDS,NEXT 2,CFW
regulus,,,,,,,,,,,,CFW
renegade,LEGENDS,LEGENDS PI,PLAYER,ARCADE,ARCADE ELITE,PLAYER ELITE,MINI,GEMS 300,GEMS 150,DIAMONDS,NEXT 2,CFW
repulse,,,,NextWAVE,,,,,,,,CFW
retofinv,,,,,,,,,,,,CFW
revx,,,,NextWAVE
rezon,,,PLAYER,ARCADE,ARCADE ELITE,,,,,DIAMONDS,NEXT 2,CFW
rfjet,LEGENDS,LEGENDS PI,PLAYER,ARCADE,ARCADE ELITE,PLAYER ELITE,MINI,GEMS 300,GEMS 150,DIAMONDS,NEXT 2,CFW
ridgera2,,,PLAYER,ARCADE,ARCADE ELITE,,,,,DIAMONDS,NEXT 2,CFW
ridgerac,,,PLAYER,ARCADE,ARCADE ELITE,,,,,DIAMONDS,NEXT 2,CFW
ridhero,,,MAX,ARCADE,,,,,,DIAMONDS,,CFW
ridingf,,,,NextWAVE,,,,,,,,CFW
ringdest,LEGENDS,LEGENDS PI,PLAYER,ARCADE,ARCADE ELITE,PLAYER ELITE,MINI,GEMS 300,GEMS 150,DIAMONDS,NEXT 2,CFW
riot,,,,NextWAVE,,,,,,,NEXT 2,CFW
riotcity,,,,NextWAVE,,,,,,,NEXT 2,CFW
riskchal,,,,,,,,,,,,CFW
rjammer,,,,NextWAVE
rmpgwt,LEGENDS,LEGENDS PI,PLAYER,ARCADE,ARCADE ELITE,PLAYER ELITE,MINI,GEMS 300,GEMS 150,DIAMONDS,NEXT 2,CFW
roadblst,LEGENDS,LEGENDS PI,PLAYER,ARCADE,ARCADE ELITE,PLAYER ELITE,MINI,GEMS 300,,DIAMONDS,NEXT 2,CFW
roadf,,,PLAYER,ARCADE,ARCADE ELITE,,,,,DIAMONDS,NEXT 2,CFW
roadrunn,LEGENDS,LEGENDS PI,PLAYER,ARCADE,ARCADE ELITE,,,,,DIAMONDS,NEXT 2,CFW
roboarmy,,,PLAYER,ARCADE,,,,,,DIAMONDS,NEXT 2,CFW
robocop,LEGENDS,LEGENDS PI,PLAYER,ARCADE,ARCADE ELITE,PLAYER ELITE,MINI,GEMS 300,GEMS 150,DIAMONDS,NEXT 2,CFW
robocop2,,,PLAYER,ARCADE,,,,,,DIAMONDS,NEXT 2,CFW
robokid,,,MAX,ARCADE,,,,,,,NEXT 2,CFW
robotron,LEGENDS,LEGENDS PI,PLAYER,ARCADE,ARCADE ELITE,PLAYER ELITE,MINI,GEMS 300,GEMS 150,DIAMONDS,NEXT 2,CFW
rockrage,,,,NextWAVE,,,,,,,,CFW
rocnrope,LEGENDS,LEGENDS PI,PLAYER,ARCADE,ARCADE ELITE,PLAYER ELITE,MINI,GEMS 300,,DIAMONDS,NEXT 2,CFW
rodland,,,PLAYER,ARCADE,,,,,,DIAMONDS,NEXT 2,CFW
rohga,,,PLAYER,ARCADE,,,,,,DIAMONDS,NEXT 2,CFW
roishtar,,,,,,,,,,,,CFW
rollerg,,,,NextWAVE
rotd,LEGENDS,LEGENDS PI,PLAYER,ARCADE,ARCADE ELITE,PLAYER ELITE,MINI,GEMS 300,GEMS 150,DIAMONDS,NEXT 2,CFW
roughrac,,,,NextWAVE,,,,,,,,CFW
rpatrol,,,,NextWAVE
rpunch,LEGENDS,LEGENDS PI,PLAYER,ARCADE,ARCADE ELITE,PLAYER ELITE,MINI,GEMS 300,GEMS 150,DIAMONDS,NEXT 2,CFW
rsgun,,,PLAYER,ARCADE,ARCADE ELITE,,,,,DIAMONDS,NEXT 2,CFW
rthun2,,,PLAYER,ARCADE,,,,,,DIAMONDS,NEXT 2,CFW
rthunder,LEGENDS,LEGENDS PI,PLAYER,ARCADE,ARCADE ELITE,PLAYER ELITE,MINI,GEMS 300,GEMS 150,DIAMONDS,NEXT 2,CFW
rtype,LEGENDS,LEGENDS PI,PLAYER,ARCADE,ARCADE ELITE,PLAYER ELITE,MINI,GEMS 300,GEMS 150,DIAMONDS,NEXT 2,CFW
rtype2,LEGENDS,LEGENDS PI,PLAYER,ARCADE,ARCADE ELITE,PLAYER ELITE,MINI,GEMS 300,GEMS 150,DIAMONDS,NEXT 2,CFW
rtypeleo,LEGENDS,LEGENDS PI,PLAYER,ARCADE,ARCADE ELITE,,,,,DIAMONDS,NEXT 2,CFW
rungun,,,,ARCADE,,,,,,DIAMONDS,NEXT 2,CFW
rungun2,,,,ARCADE,,,,,,DIAMONDS,NEXT 2,CFW
rvschool,,,,ARCADE,,,,,,,,CFW
rygar,LEGENDS,LEGENDS PI,PLAYER,ARCADE,ARCADE ELITE,PLAYER ELITE,MINI,GEMS 300,GEMS 150,DIAMONDS,NEXT 2,CFW
ryujin,,,,NextWAVE,,,,,,,,CFW
s1945,,,MAX,ARCADE,,,,,,DIAMONDS,NEXT 2,CFW
s1945ii,LEGENDS,LEGENDS PI,PLAYER,ARCADE,ARCADE ELITE,,,,,DIAMONDS,NEXT 2,CFW
s1945iii,LEGENDS,LEGENDS PI,PLAYER,ARCADE,ARCADE ELITE,PLAYER ELITE,,GEMS 300,,DIAMONDS,NEXT 2,CFW
s1945p,,,MAX,ARCADE,,,,,,DIAMONDS,NEXT 2,CFW
sailormn,,,MAX,ARCADE,,,,,,DIAMONDS,NEXT 2,CFW
salamand,LEGENDS,LEGENDS PI,PLAYER,ARCADE,ARCADE ELITE,PLAYER ELITE,MINI,GEMS 300,,DIAMONDS,NEXT 2,CFW
salmndr2,,,,ARCADE,,,,,,DIAMONDS,NEXT 2,CFW
samsh5sp,LEGENDS,LEGENDS PI,PLAYER,ARCADE,ARCADE ELITE,PLAYER ELITE,MINI,GEMS 300,GEMS 150,DIAMONDS,NEXT 2,CFW
samsho,,,PLAYER,ARCADE,,,,,,DIAMONDS,NEXT 2,CFW
samsho2,LEGENDS,LEGENDS PI,PLAYER,ARCADE,ARCADE ELITE,PLAYER ELITE,MINI,GEMS 300,GEMS 150,DIAMONDS,NEXT 2,CFW
samsho3,,,MAX,ARCADE,,,,,,DIAMONDS,NEXT 2,CFW
samsho4,LEGENDS,LEGENDS PI,PLAYER,ARCADE,ARCADE ELITE,PLAYER ELITE,MINI,GEMS 300,,DIAMONDS,NEXT 2,CFW
samsho5,,,MAX,ARCADE,,,,,,DIAMONDS,NEXT 2,CFW
samuraia,,,MAX,ARCADE,,,,,,,NEXT 2,CFW
sandscrp,,,,NextWAVE,,,,,,,NEXT 2,CFW
savagere,,,PLAYER,ARCADE,ARCADE ELITE,,,,,DIAMONDS,NEXT 2,CFW
sb2003,,,,,,,,,,,,CFW
sbagman,,,PLAYER,ARCADE,ARCADE ELITE
sbomber,,,MAX,ARCADE,,,,,,,NEXT 2,CFW
schmeisr,,,,NextWAVE,,,,,,,NEXT 2,CFW
sci,LEGENDS,LEGENDS PI,PLAYER,ARCADE,ARCADE ELITE,PLAYER ELITE,MINI,,,DIAMONDS,NEXT 2,CFW
scobra,,,PLAYER,ARCADE,ARCADE ELITE
scontra,LEGENDS,LEGENDS PI,PLAYER,ARCADE,ARCADE ELITE,PLAYER ELITE,MINI,GEMS 300,GEMS 150,DIAMONDS,NEXT 2,CFW
scramble,LEGENDS,LEGENDS PI,PLAYER,ARCADE,ARCADE ELITE,PLAYER ELITE,MINI,GEMS 300,GEMS 150,DIAMONDS,NEXT 2,CFW
scross,,,,NextWAVE,,,,,,,NEXT 2,CFW
sdfight,,,,,,,,,,,NEXT 2,CFW
sdgndmps,,,,NextWAVE
sdi,,,MAX,ARCADE,,,,,,DIAMONDS,NEXT 2,CFW
sdodgeb,,,MAX,ARCADE,,,,,,,,CFW
sdungeon,,,MAX,ARCADE,,,,,,DIAMONDS
searchar,LEGENDS,LEGENDS PI,PLAYER,ARCADE,ARCADE ELITE,,,,,DIAMONDS,NEXT 2,CFW
sectionz,,,PLAYER,ARCADE,ARCADE ELITE,,,,,DIAMONDS,NEXT 2,CFW
seganinj,LEGENDS,LEGENDS PI,PLAYER,ARCADE,ARCADE ELITE,PLAYER ELITE,MINI,GEMS 300,,DIAMONDS,NEXT 2,CFW
selfeena,,,,NextWAVE,,,,,,,NEXT 2,CFW
sengekis,,,,NextWAVE,,,,,,,NEXT 2,CFW
sengoku,,,PLAYER,ARCADE,,,,,,DIAMONDS,NEXT 2,CFW
sengoku2,,,PLAYER,ARCADE,,,,,,DIAMONDS,NEXT 2,CFW
sengoku3,,,PLAYER,ARCADE,ARCADE ELITE,,,,,DIAMONDS,NEXT 2,CFW
senjyo,,,,NextWAVE
sexyparo,,,PLAYER,ARCADE,ARCADE ELITE,,,,,DIAMONDS,NEXT 2,CFW
sf,LEGENDS,LEGENDS PI,PLAYER,ARCADE,ARCADE ELITE,PLAYER ELITE,MINI,GEMS 300,GEMS 150,DIAMONDS,NEXT 2,CFW
sf2,LEGENDS,LEGENDS PI,PLAYER,ARCADE,ARCADE ELITE,PLAYER ELITE,MINI,GEMS 300,GEMS 150,DIAMONDS,NEXT 2,CFW
sf2ce,LEGENDS,LEGENDS PI,PLAYER,ARCADE,ARCADE ELITE,PLAYER ELITE,MINI,GEMS 300,GEMS 150,DIAMONDS,NEXT 2,CFW
sf2hf,LEGENDS,LEGENDS PI,PLAYER,ARCADE,ARCADE ELITE,PLAYER ELITE,MINI,GEMS 300,GEMS 150,DIAMONDS,NEXT 2,CFW
sfa,,,MAX,ARCADE,,,,,,DIAMONDS,NEXT 2,CFW
sfa2,LEGENDS,LEGENDS PI,PLAYER,ARCADE,ARCADE ELITE,PLAYER ELITE,MINI,GEMS 300,GEMS 150,DIAMONDS,NEXT 2,CFW
sfa3,LEGENDS,LEGENDS PI,PLAYER,ARCADE,ARCADE ELITE,PLAYER ELITE,MINI,GEMS 300,GEMS 150,DIAMONDS,NEXT 2,CFW
sfa3b,,,PLAYER,ARCADE,,,,,,DIAMONDS,NEXT 2,CFW
sfex,,,MAX,ARCADE,,,,,,DIAMONDS,NEXT 2,CFW
sfex2,,,PLAYER,ARCADE,ARCADE ELITE,PLAYER ELITE,,GEMS 300,,DIAMONDS,NEXT 2,CFW
sfiii2n,,,PLAYER,ARCADE,ARCADE ELITE,PLAYER ELITE,,GEMS 300,,DIAMONDS,NEXT 2,CFW
sfiii3n,LEGENDS,LEGENDS PI,PLAYER,ARCADE,ARCADE ELITE,PLAYER ELITE,MINI,GEMS 300,GEMS 150,DIAMONDS,NEXT 2,CFW
sfiiin,,,PLAYER,ARCADE,ARCADE ELITE,PLAYER ELITE,,GEMS 300,,DIAMONDS,NEXT 2,CFW
sfposeid,LEGENDS,LEGENDS PI,PLAYER,ARCADE,ARCADE ELITE,PLAYER ELITE,MINI,,,DIAMONDS,NEXT 2,CFW
sfrush,,,,NextWAVE
sftm,,,PLAYER,ARCADE,,,,,,DIAMONDS,NEXT 2,CFW
sgemf,LEGENDS,LEGENDS PI,PLAYER,ARCADE,ARCADE ELITE,PLAYER ELITE,MINI,GEMS 300,,DIAMONDS,NEXT 2,CFW
sgunner,,,PLAYER,ARCADE,ARCADE ELITE,,,,,DIAMONDS,NEXT 2,CFW
sgunner2,,,PLAYER,ARCADE,ARCADE ELITE,,,,,DIAMONDS,NEXT 2,CFW
shackled,,,,NextWAVE
shadfrce,LEGENDS,LEGENDS PI,PLAYER,ARCADE,ARCADE ELITE,PLAYER ELITE,,GEMS 300,,DIAMONDS,NEXT 2,CFW
shadowld,,,MAX,ARCADE,,,,,,,NEXT 2,CFW
shangon,LEGENDS,LEGENDS PI,PLAYER,ARCADE,ARCADE ELITE,PLAYER ELITE,MINI,GEMS 300,,DIAMONDS,NEXT 2,CFW
sharrier,LEGENDS,LEGENDS PI,PLAYER,ARCADE,ARCADE ELITE,PLAYER ELITE,MINI,GEMS 300,,DIAMONDS,NEXT 2,CFW
shdancer,LEGENDS,LEGENDS PI,PLAYER,ARCADE,ARCADE ELITE,PLAYER ELITE,MINI,GEMS 300,GEMS 150,DIAMONDS,NEXT 2,CFW
shienryu,,,MAX,ARCADE,,,,,,,NEXT 2,CFW
shimpact,,,MAX,ARCADE,,,,,,DIAMONDS,NEXT 2,CFW
shinobi,LEGENDS,LEGENDS PI,PLAYER,ARCADE,ARCADE ELITE,PLAYER ELITE,MINI,GEMS 300,GEMS 150,DIAMONDS,NEXT 2,CFW
shocktr2,LEGENDS,LEGENDS PI,PLAYER,ARCADE,ARCADE ELITE,PLAYER ELITE,,GEMS 300,,DIAMONDS,NEXT 2,CFW
shocktro,,,PLAYER,ARCADE,ARCADE ELITE,,,,,DIAMONDS,NEXT 2,CFW
shollow,,,PLAYER,ARCADE,,,,,,DIAMONDS,NEXT 2,CFW
sidearms,LEGENDS,LEGENDS PI,PLAYER,ARCADE,ARCADE ELITE,PLAYER ELITE,MINI,GEMS 300,GEMS 150,DIAMONDS,NEXT 2,CFW
sidepckt,LEGENDS,LEGENDS PI,PLAYER,ARCADE,ARCADE ELITE,,,,,DIAMONDS,NEXT 2,CFW
silentd,,,PLAYER,ARCADE,ARCADE ELITE,,,,,DIAMONDS,NEXT 2,CFW
silkroad,,,,NextWAVE,,,,,,,,CFW
silkworm,LEGENDS,LEGENDS PI,PLAYER,ARCADE,ARCADE ELITE,PLAYER ELITE,MINI,GEMS 300,GEMS 150,DIAMONDS,NEXT 2,CFW
simpbowl,,,,,,,,,,,,CFW
simpsons,,,PLAYER,NextWAVE,,,,,,,NEXT 2
simpsons2p,LEGENDS,LEGENDS PI,PLAYER,ARCADE,ARCADE ELITE,PLAYER ELITE,MINI,GEMS 300,GEMS 150,DIAMONDS,NEXT 2,CFW
sindbadm,,,,NextWAVE,,,,,,,,CFW
sinistar,LEGENDS,LEGENDS PI,PLAYER,ARCADE,ARCADE ELITE,PLAYER ELITE,MINI,,,DIAMONDS,NEXT 2,CFW
skullxbo,,,,NextWAVE,,,,,,,,CFW
skyadvnt,,,,NextWAVE,,,,,,,,CFW
skyalert,,,,,,,,,,,,CFW
skykiddx,,,MAX,ARCADE,,,,,,,NEXT 2,CFW
skylancr,,,,NextWAVE
skyskipr,,,,NextWAVE
slammast,LEGENDS,LEGENDS PI,PLAYER,ARCADE,ARCADE ELITE,PLAYER ELITE,MINI,GEMS 300,GEMS 150,DIAMONDS,NEXT 2,CFW
slapfigh,LEGENDS,LEGENDS PI,PLAYER,ARCADE,ARCADE ELITE,PLAYER ELITE,MINI,,,DIAMONDS,NEXT 2,CFW
slipstrm,,,,NextWAVE,,,,,,,NEXT 2,CFW
slyspy,LEGENDS,LEGENDS PI,PLAYER,ARCADE,ARCADE ELITE,PLAYER ELITE,MINI,GEMS 300,,DIAMONDS,NEXT 2,CFW
smashtv,LEGENDS,LEGENDS PI,PLAYER,ARCADE,ARCADE ELITE,PLAYER ELITE,MINI,GEMS 300,,DIAMONDS,NEXT 2,CFW
smgp,LEGENDS,LEGENDS PI,PLAYER,ARCADE,ARCADE ELITE,,,,,DIAMONDS,NEXT 2,CFW
snakepit,,,,,,,,,,,,CFW
snowbro2,,,PLAYER,ARCADE,ARCADE ELITE,,,,,DIAMONDS,NEXT 2,CFW
snowbros,LEGENDS,LEGENDS PI,PLAYER,ARCADE,ARCADE ELITE,PLAYER ELITE,MINI,GEMS 300,GEMS 150,DIAMONDS,NEXT 2,CFW
socbrawl,,,PLAYER,ARCADE,,,,,,DIAMONDS,,CFW
sokyugrt,,,,ARCADE
soldivid,,,PLAYER,ARCADE,ARCADE ELITE,,,,,DIAMONDS,NEXT 2,CFW
solfigtr,,,,NextWAVE
solomon,LEGENDS,LEGENDS PI,PLAYER,ARCADE,ARCADE ELITE,PLAYER ELITE,MINI,GEMS 300,GEMS 150,DIAMONDS,NEXT 2,CFW
sonic,,,MAX,ARCADE,,,,,,DIAMONDS,NEXT 2,CFW
sonicwi2,,,PLAYER,ARCADE,ARCADE ELITE,,,,,DIAMONDS,NEXT 2,CFW
sonicwi3,,,PLAYER,ARCADE,ARCADE ELITE,,,,,DIAMONDS,NEXT 2,CFW
sonson,LEGENDS,LEGENDS PI,PLAYER,ARCADE,ARCADE ELITE,PLAYER ELITE,MINI,,,DIAMONDS,NEXT 2,CFW
soulclbr,,,PLAYER,ARCADE,ARCADE ELITE,PLAYER ELITE,,GEMS 300,,DIAMONDS,NEXT 2,CFW
spacedx,,,MAX,ARCADE,,,,,,DIAMONDS,NEXT 2,CFW
spacefb,,,,NextWAVE
spacegun,,,,NextWAVE,,,,,,,,CFW
spang,LEGENDS,LEGENDS PI,PLAYER,ARCADE,ARCADE ELITE,PLAYER ELITE,MINI,,,DIAMONDS,NEXT 2,CFW
spcinv95,,,MAX,ARCADE,,,,,,DIAMONDS,,CFW
spdodgeb,,,,NextWAVE,,,,,,,,CFW
speedrcr,,,,NextWAVE
spelunk2,LEGENDS,LEGENDS PI,PLAYER,ARCADE,ARCADE ELITE,,,,,DIAMONDS,NEXT 2,CFW
spf2t,LEGENDS,LEGENDS PI,PLAYER,ARCADE,ARCADE ELITE,,,,,DIAMONDS,NEXT 2,CFW
spiders,,,MAX,ARCADE,,,,,,DIAMONDS,NEXT 2,CFW
spidman,LEGENDS,LEGENDS PI,PLAYER,ARCADE,ARCADE ELITE,PLAYER ELITE,,GEMS 300,,DIAMONDS,NEXT 2,CFW
spinlbrk,,,,NextWAVE,,,,,,,NEXT 2,CFW
spinmast,,,PLAYER,ARCADE,ARCADE ELITE,,,,,DIAMONDS,NEXT 2,CFW
splatter,LEGENDS,LEGENDS PI,PLAYER,ARCADE,ARCADE ELITE,,,,,DIAMONDS,NEXT 2,CFW
spnchout,LEGENDS,LEGENDS PI,PLAYER,ARCADE,ARCADE ELITE,PLAYER ELITE,,GEMS 300,,DIAMONDS,NEXT 2,CFW
sprint2,,,MAX,ARCADE,,,,,,DIAMONDS
spy,,,PLAYER,ARCADE,,,,,,,NEXT 2,CFW
spyhunt,LEGENDS,LEGENDS PI,PLAYER,ARCADE,ARCADE ELITE,,,,,DIAMONDS,NEXT 2,CFW
sqix,,,,NextWAVE,,,,,,,,CFW
sraider,,,,,,,,,,,,CFW
srallyc,,,PLAYER,ARCADE,ARCADE ELITE,,,,,DIAMONDS,NEXT 2,CFW
sranger,,,,NextWAVE,,,,,,,NEXT 2,CFW
srumbler,LEGENDS,LEGENDS PI,PLAYER,ARCADE,ARCADE ELITE,PLAYER ELITE,MINI,GEMS 300,,DIAMONDS,NEXT 2,CFW
ssf2,,,MAX,ARCADE
ssf2t,LEGENDS,LEGENDS PI,PLAYER,ARCADE,ARCADE ELITE,PLAYER ELITE,MINI,GEMS 300,GEMS 150,DIAMONDS,NEXT 2,CFW
ssf2xj,,,MAX,ARCADE,,,,,,,NEXT 2,CFW
ssi,,,,NextWAVE,,,,,,,,CFW
ssideki2,,,,NextWAVE
ssideki3,,,MAX,ARCADE,,,,,,DIAMONDS
ssideki4,,,,NextWAVE
ssmissin,,,,NextWAVE,,,,,,,NEXT 2,CFW
ssoldier,,,,NextWAVE,,,,,,,,CFW
ssprint,LEGENDS,LEGENDS PI,PLAYER,ARCADE,ARCADE ELITE,PLAYER ELITE,MINI,GEMS 300,,DIAMONDS,NEXT 2,CFW
ssriders,,LEGENDS PI,PLAYER,NextWAVE,,,,,,,NEXT 2
ssridersabd,LEGENDS,LEGENDS PI,PLAYER,ARCADE,ARCADE ELITE,PLAYER ELITE,MINI,GEMS 300,GEMS 150,DIAMONDS,NEXT 2,CFW
sstingry,,,,NextWAVE
sstriker,,,PLAYER,ARCADE,ARCADE ELITE,,,,,DIAMONDS,NEXT 2,CFW
starblad,,,,NextWAVE,,,,,,,NEXT 2,CFW
starcas,,,MAX,ARCADE,,,,,,DIAMONDS
starforc,,,MAX,ARCADE,,,,,,DIAMONDS,NEXT 2,CFW
stargate,LEGENDS,LEGENDS PI,PLAYER,ARCADE,ARCADE ELITE,PLAYER ELITE,MINI,GEMS 300,,DIAMONDS,NEXT 2,CFW
starglad,,,,NextWAVE
startrek,,,MAX,ARCADE,,,,,,DIAMONDS,,CFW
starwars,LEGENDS,LEGENDS PI,PLAYER,ARCADE,ARCADE ELITE,PLAYER ELITE,MINI,GEMS 300,GEMS 150,DIAMONDS,NEXT 2,CFW
stdragon,,,,NextWAVE,,,,,,,,CFW
stg,,,,,,,,,,,,CFW
stmblade,LEGENDS,LEGENDS PI,PLAYER,ARCADE,ARCADE ELITE,PLAYER ELITE,MINI,GEMS 300,,DIAMONDS,NEXT 2,CFW
strahl,,,,NextWAVE
stratof,,,,NextWAVE,,,,,,,,CFW
streetsm,LEGENDS,LEGENDS PI,PLAYER,ARCADE,ARCADE ELITE,,,,,DIAMONDS,NEXT 2,CFW
strhoop,,,,NextWAVE
strider,LEGENDS,LEGENDS PI,PLAYER,ARCADE,ARCADE ELITE,PLAYER ELITE,MINI,GEMS 300,GEMS 150,DIAMONDS,NEXT 2,CFW
strider2,,,MAX,ARCADE,,,,,,,NEXT 2,CFW
strkfgtr,,,,NextWAVE,,,,,,,NEXT 2,CFW
strkforc,,,PLAYER,ARCADE,ARCADE ELITE,,,,,DIAMONDS,NEXT 2,CFW
stunrun,,,PLAYER,ARCADE,ARCADE ELITE,,,,,DIAMONDS,NEXT 2,CFW
subroc3d,,,,NextWAVE,,,,,,,,CFW
superchs,,,,NextWAVE,,,,,,,,CFW
superman,,,PLAYER,ARCADE,ARCADE ELITE,,,,,DIAMONDS,NEXT 2,CFW
superpac,,,MAX,ARCADE,,,,,,DIAMONDS,,CFW
superspy,,,MAX,ARCADE,,,,,,DIAMONDS,NEXT 2,CFW
superx,,,,NextWAVE
suprtrio,,,,NextWAVE
suratk,,,,,,,,,,,,CFW
survarts,,,,NextWAVE
svc,,,PLAYER,ARCADE,ARCADE ELITE,PLAYER ELITE,,GEMS 300,,DIAMONDS,NEXT 2,CFW
svg,,,,ARCADE,,,,,,DIAMONDS,NEXT 2,CFW
swatpolc,,,,NextWAVE,,,,,,,NEXT 2,CFW
swimmer,,,MAX,ARCADE,,,,,,DIAMONDS,NEXT 2,CFW
sxevious,,,MAX,ARCADE
syvalion,,,,NextWAVE,,,,,,,,CFW
szaxxon,,,PLAYER,ARCADE,ARCADE ELITE,,,,,,,CFW
tacscan,,,MAX,ARCADE,,,,,,DIAMONDS,NEXT 2,CFW
tankfrce,,,,NextWAVE,,,,,,,NEXT 2,CFW
tapper,LEGENDS,LEGENDS PI,PLAYER,ARCADE,ARCADE ELITE,,,,,DIAMONDS,NEXT 2,CFW
tattass,,,,NextWAVE
tbowl,,,PLAYER,ARCADE,ARCADE ELITE,,,,,,NEXT 2,CFW
tbyahhoo,,,MAX,ARCADE,,,,,,,NEXT 2,CFW
tcobra2,,,,NextWAVE,,,,,,,NEXT 2,CFW
tdragon,,,MAX,ARCADE,,,,,,DIAMONDS,NEXT 2,CFW
tdragon2,,,,NextWAVE,,,,,,,NEXT 2,CFW
teddybb,,,PLAYER,ARCADE,ARCADE ELITE,,,,,DIAMONDS,NEXT 2,CFW
tehkanwc,LEGENDS,LEGENDS PI,PLAYER,ARCADE,ARCADE ELITE,,,,,DIAMONDS,NEXT 2,CFW
tekken,,,PLAYER,ARCADE,,,,,,DIAMONDS,NEXT 2,CFW
tekken2,LEGENDS,,PLAYER,ARCADE,ARCADE ELITE,PLAYER ELITE,,GEMS 300,,DIAMONDS,NEXT 2,CFW
tekken3,LEGENDS,LEGENDS PI,PLAYER,ARCADE,ARCADE ELITE,PLAYER ELITE,MINI,GEMS 300,GEMS 150,DIAMONDS,NEXT 2,CFW
tektagt,,,PLAYER,ARCADE,ARCADE ELITE,,,,,DIAMONDS,NEXT 2,CFW
tempest,LEGENDS,LEGENDS PI,PLAYER,ARCADE,ARCADE ELITE,PLAYER ELITE,MINI,GEMS 300,,DIAMONDS,NEXT 2,CFW
tengai,LEGENDS,LEGENDS PI,PLAYER,ARCADE,ARCADE ELITE,,,,,DIAMONDS,NEXT 2,CFW
term2,LEGENDS,LEGENDS PI,PLAYER,ARCADE,ARCADE ELITE,,,,,DIAMONDS,NEXT 2,CFW
terracre,,,PLAYER,ARCADE,ARCADE ELITE,,,,,DIAMONDS,NEXT 2,CFW
terraf,,,PLAYER,ARCADE,ARCADE ELITE,,,,,,NEXT 2,CFW
tfrceac,,,,NextWAVE,,,,,,,NEXT 2,CFW
tgm2p,,,PLAYER,ARCADE,ARCADE ELITE,,,,,,NEXT 2,CFW
tharrier,,,PLAYER,ARCADE,ARCADE ELITE,,,,,DIAMONDS,NEXT 2,CFW
thedeep,,,MAX,ARCADE,,,,,,DIAMONDS,NEXT 2,CFW
theglad,LEGENDS,LEGENDS PI,PLAYER,ARCADE,ARCADE ELITE,PLAYER ELITE,,GEMS 300,,DIAMONDS,NEXT 2,CFW
theroes,,,,NextWAVE
thndrbld,LEGENDS,LEGENDS PI,PLAYER,ARCADE,ARCADE ELITE,PLAYER ELITE,MINI,GEMS 300,,DIAMONDS,NEXT 2,CFW
thndrx2,,,,NextWAVE,,,,,,,NEXT 2,CFW
thndzone,,,,,,,,,,,NEXT 2
thoop,,,,NextWAVE,,,,,,,NEXT 2,CFW
thoop2,,,,NextWAVE,,,,,,,NEXT 2,CFW
thunderj,,,PLAYER,ARCADE,ARCADE ELITE
thunderx,,,MAX,ARCADE,,,,,,DIAMONDS,NEXT 2,CFW
thundfox,,,PLAYER,ARCADE,ARCADE ELITE,,,,,,NEXT 2,CFW
tigerh,LEGENDS,LEGENDS PI,PLAYER,ARCADE,ARCADE ELITE,,,,,DIAMONDS,NEXT 2,CFW
tigeroad,LEGENDS,LEGENDS PI,PLAYER,ARCADE,ARCADE ELITE,PLAYER ELITE,MINI,GEMS 300,GEMS 150,DIAMONDS,NEXT 2,CFW
timber,,,,NextWAVE
timecris,,,PLAYER,ARCADE,ARCADE ELITE,,,,,DIAMONDS,NEXT 2,CFW
timekill,,,,NextWAVE,,,,,,,,CFW
timeplt,LEGENDS,LEGENDS PI,PLAYER,ARCADE,ARCADE ELITE,PLAYER ELITE,MINI,GEMS 300,,DIAMONDS,NEXT 2,CFW
timesold,LEGENDS,LEGENDS PI,PLAYER,ARCADE,ARCADE ELITE,PLAYER ELITE,MINI,GEMS 300,,DIAMONDS,NEXT 2,CFW
tinklpit,,,,NextWAVE,,,,,,,,CFW
tmnt,,,PLAYER,NextWAVE,,,,,,,NEXT 2
tmnt2,,,PLAYER,NextWAVE,,,,,,,NEXT 2
tmnt22pu,LEGENDS,LEGENDS PI,PLAYER,ARCADE,ARCADE ELITE,PLAYER ELITE,MINI,GEMS 300,GEMS 150,DIAMONDS,NEXT 2,CFW
tmnt2po,LEGENDS,LEGENDS PI,PLAYER,ARCADE,ARCADE ELITE,PLAYER ELITE,MINI,GEMS 300,GEMS 150,DIAMONDS,NEXT 2,CFW
tndrcade,LEGENDS,LEGENDS PI,PLAYER,ARCADE,ARCADE ELITE,PLAYER ELITE,MINI,GEMS 300,,DIAMONDS,NEXT 2,CFW
tnk3,LEGENDS,LEGENDS PI,PLAYER,ARCADE,ARCADE ELITE,,,,,DIAMONDS,NEXT 2,CFW
tnzs,LEGENDS,LEGENDS PI,PLAYER,ARCADE,ARCADE ELITE,PLAYER ELITE,MINI,GEMS 300,,DIAMONDS,NEXT 2,CFW
todruaga,,,,,,,,,,,,CFW
toki,LEGENDS,LEGENDS PI,PLAYER,ARCADE,ARCADE ELITE,PLAYER ELITE,MINI,GEMS 300,,DIAMONDS,NEXT 2,CFW
tokio,LEGENDS,LEGENDS PI,PLAYER,ARCADE,ARCADE ELITE,PLAYER ELITE,MINI,,,DIAMONDS,NEXT 2,CFW
tokisens,,,,,,,,,,,,CFW
toobin,LEGENDS,LEGENDS PI,PLAYER,ARCADE,ARCADE ELITE,PLAYER ELITE,MINI,GEMS 300,,DIAMONDS,NEXT 2,CFW
tophuntr,,,MAX,ARCADE,,,,,,DIAMONDS,NEXT 2,CFW
topspeed,,,,NextWAVE,,,,,,,,CFW
totcarn,LEGENDS,LEGENDS PI,PLAYER,ARCADE,ARCADE ELITE,PLAYER ELITE,MINI,GEMS 300,,DIAMONDS,NEXT 2,CFW
toutrun3,,,PLAYER,ARCADE,ARCADE ELITE,,,,,DIAMONDS,NEXT 2,CFW
tp84,LEGENDS,LEGENDS PI,PLAYER,ARCADE,ARCADE ELITE,PLAYER ELITE,MINI,,,DIAMONDS,NEXT 2,CFW
trackfld,LEGENDS,LEGENDS PI,PLAYER,ARCADE,ARCADE ELITE,PLAYER ELITE,MINI,,,DIAMONDS,NEXT 2,CFW
trally,,,MAX,ARCADE,,,,,,DIAMONDS,NEXT 2,CFW
transfrm,,,,NextWAVE,,,,,,,,CFW
travrusa,LEGENDS,LEGENDS PI,PLAYER,ARCADE,ARCADE ELITE,PLAYER ELITE,,,,DIAMONDS,NEXT 2,CFW
tricktrp,,,,NextWAVE,,,,,,,,CFW
troangel,LEGENDS,LEGENDS PI,PLAYER,ARCADE,ARCADE ELITE,,,,,DIAMONDS,NEXT 2,CFW
trog,LEGENDS,LEGENDS PI,PLAYER,ARCADE,ARCADE ELITE,,,,,DIAMONDS,NEXT 2,CFW
trojan,LEGENDS,LEGENDS PI,PLAYER,ARCADE,ARCADE ELITE,PLAYER ELITE,MINI,GEMS 300,GEMS 150,DIAMONDS,NEXT 2,CFW
tron,LEGENDS,LEGENDS PI,PLAYER,ARCADE,ARCADE ELITE,,,,,DIAMONDS,NEXT 2,CFW
trstar,,,,NextWAVE
truxton,LEGENDS,LEGENDS PI,PLAYER,ARCADE,ARCADE ELITE,PLAYER ELITE,MINI,GEMS 300,,DIAMONDS,NEXT 2,CFW
truxton2,,,PLAYER,ARCADE,ARCADE ELITE,,,,,DIAMONDS,NEXT 2,CFW
tsamurai,,,,,,,,,,,,CFW
tshoot,,,MAX,ARCADE,,,,,,DIAMONDS,NEXT 2,CFW
tturf,,,MAX,ARCADE,,,,,,,NEXT 2,CFW
tubep,,,,NextWAVE
tumblep,,,,NextWAVE
turbo,,,MAX,ARCADE,,,,,,DIAMONDS,NEXT 2,CFW
turbofrc,,,,NextWAVE,,,,,,,,CFW
turfmast,,,PLAYER,ARCADE,ARCADE ELITE,,,,,DIAMONDS,NEXT 2,CFW
turtship,,,,NextWAVE,,,,,,,,CFW
tutankhm,LEGENDS,LEGENDS PI,PLAYER,ARCADE,ARCADE ELITE,PLAYER ELITE,MINI,,,DIAMONDS,NEXT 2,CFW
twinbee,,,PLAYER,ARCADE,ARCADE ELITE,,,,,DIAMONDS,NEXT 2,CFW
twincobr,LEGENDS,LEGENDS PI,PLAYER,ARCADE,ARCADE ELITE,PLAYER ELITE,MINI,GEMS 300,GEMS 150,DIAMONDS,NEXT 2,CFW
twineag2,,,PLAYER,ARCADE,ARCADE ELITE,,,,,DIAMONDS,NEXT 2,CFW
twineagl,LEGENDS,LEGENDS PI,PLAYER,ARCADE,ARCADE ELITE,,,,,DIAMONDS,NEXT 2,CFW
twinhawk,,,,NextWAVE,,,,,,,NEXT 2,CFW
twinspri,,,MAX,ARCADE,,,,,,DIAMONDS,NEXT 2,CFW
twocrude,LEGENDS,LEGENDS PI,PLAYER,ARCADE,ARCADE ELITE,PLAYER ELITE,MINI,GEMS 300,,DIAMONDS,NEXT 2,CFW
uccops,,,PLAYER,ARCADE,ARCADE ELITE,,,,,DIAMONDS,NEXT 2,CFW
ultrax,,,PLAYER,ARCADE,ARCADE ELITE,,,,,DIAMONDS,NEXT 2,CFW
umk3,LEGENDS,LEGENDS PI,PLAYER,ARCADE,ARCADE ELITE,PLAYER ELITE,MINI,GEMS 300,GEMS 150,DIAMONDS,NEXT 2,CFW
uniwars,,,,NextWAVE
unsquad,LEGENDS,LEGENDS PI,PLAYER,ARCADE,ARCADE ELITE,PLAYER ELITE,MINI,GEMS 300,GEMS 150,DIAMONDS,NEXT 2,CFW
upndown,LEGENDS,LEGENDS PI,PLAYER,ARCADE,ARCADE ELITE,,,,,DIAMONDS,NEXT 2,CFW
valkyrie,,,MAX,ARCADE,,,,,,,NEXT 2,CFW
valtric,,,MAX,ARCADE,,,,,,,NEXT 2,CFW
vamphalf,,,,NextWAVE
vandyke,,,,NextWAVE,,,,,,,NEXT 2,CFW
vangrd2,,,,NextWAVE
vanguard,,,MAX,ARCADE,,,,,,DIAMONDS,NEXT 2,CFW
vaportrau,LEGENDS,LEGENDS PI,PLAYER,ARCADE,ARCADE ELITE,,,,,DIAMONDS,NEXT 2,CFW
varth,LEGENDS,LEGENDS PI,PLAYER,ARCADE,ARCADE ELITE,PLAYER ELITE,MINI,GEMS 300,GEMS 150,DIAMONDS,NEXT 2,CFW
vasara,,,PLAYER,ARCADE,ARCADE ELITE,,,,,DIAMONDS,NEXT 2,CFW
vasara2,LEGENDS,LEGENDS PI,PLAYER,ARCADE,ARCADE ELITE,PLAYER ELITE,MINI,GEMS 300,GEMS 150,DIAMONDS,NEXT 2,CFW
vastar,,,,NextWAVE
vball,,,,NextWAVE
vendetta2pw,,,PLAYER,ARCADE,ARCADE ELITE,PLAYER ELITE,,GEMS 300,,DIAMONDS,NEXT 2,CFW
vf,,,PLAYER,ARCADE,ARCADE ELITE,,,,,DIAMONDS,NEXT 2,CFW
vf2,,,,ARCADE,,,,,,DIAMONDS,,CFW
victroad,LEGENDS,LEGENDS PI,PLAYER,ARCADE,ARCADE ELITE,PLAYER ELITE,MINI,GEMS 300,,DIAMONDS,NEXT 2,CFW
viewpoin,,,PLAYER,ARCADE,ARCADE ELITE,,,,,DIAMONDS,NEXT 2,CFW
vigilanto,LEGENDS,LEGENDS PI,PLAYER,ARCADE,ARCADE ELITE,PLAYER ELITE,MINI,GEMS 300,GEMS 150,DIAMONDS,NEXT 2,CFW
vimana,,,PLAYER,ARCADE,ARCADE ELITE,,,,,,NEXT 2,CFW
vindctr2,,,,NextWAVE,,,,,,,NEXT 2,CFW
vindictr,LEGENDS,LEGENDS PI,PLAYER,ARCADE,ARCADE ELITE
viofight,,,MAX,ARCADE,,,,,,DIAMONDS,NEXT 2,CFW
viostorm,LEGENDS,LEGENDS PI,PLAYER,ARCADE,ARCADE ELITE,PLAYER ELITE,,GEMS 300,,DIAMONDS,NEXT 2,CFW
viprp1,LEGENDS,LEGENDS PI,PLAYER,ARCADE,ARCADE ELITE,,,,,DIAMONDS,NEXT 2,CFW
vr,LEGENDS,,PLAYER,ARCADE,ARCADE ELITE,,,,,DIAMONDS,NEXT 2,CFW
vsav,,,MAX,ARCADE,,,,,,DIAMONDS,NEXT 2
vsav2,LEGENDS,LEGENDS PI,PLAYER,ARCADE,ARCADE ELITE,PLAYER ELITE,MINI,GEMS 300,GEMS 150,DIAMONDS,NEXT 2,CFW
vulgus,LEGENDS,LEGENDS PI,PLAYER,ARCADE,ARCADE ELITE,PLAYER ELITE,MINI,GEMS 300,GEMS 150,DIAMONDS,NEXT 2,CFW
wakuwak7,,,PLAYER,ARCADE,ARCADE ELITE,,,,,DIAMONDS,NEXT 2,CFW
wardner,LEGENDS,LEGENDS PI,PLAYER,ARCADE,ARCADE ELITE,PLAYER ELITE,MINI,GEMS 300,,DIAMONDS,NEXT 2,CFW
wargods,,,,NextWAVE
warlords,,,MAX,ARCADE,,,,,,DIAMONDS,NEXT 2,CFW
warriorb,,,PLAYER,ARCADE,ARCADE ELITE,,,,,DIAMONDS,NEXT 2,CFW
waterski,,,PLAYER,ARCADE,ARCADE ELITE,,,,,DIAMONDS,NEXT 2,CFW
wb3,,,PLAYER,ARCADE,ARCADE ELITE,,,,,DIAMONDS,NEXT 2,CFW
wbmlvcd,LEGENDS,LEGENDS PI,PLAYER,ARCADE,ARCADE ELITE,PLAYER ELITE,MINI,GEMS 300,,DIAMONDS,NEXT 2,CFW
wboy,LEGENDS,LEGENDS PI,PLAYER,ARCADE,ARCADE ELITE,PLAYER ELITE,MINI,GEMS 300,GEMS 150,DIAMONDS,NEXT 2,CFW
wcbowldx,,,,NextWAVE
wecleman,,,,NextWAVE,,,,,,,NEXT 2,CFW
wh1,,,PLAYER,ARCADE,ARCADE ELITE,,,,,DIAMONDS,NEXT 2,CFW
wh2,,,,ARCADE
wh2j,,,MAX,ARCADE,,,,,,DIAMONDS,NEXT 2,CFW
whp,LEGENDS,LEGENDS PI,PLAYER,ARCADE,ARCADE ELITE,PLAYER ELITE,,GEMS 300,,DIAMONDS,NEXT 2,CFW
wildfang,LEGENDS,LEGENDS PI,PLAYER,ARCADE,ARCADE ELITE,PLAYER ELITE,MINI,GEMS 300,,DIAMONDS,NEXT 2,CFW
willow,LEGENDS,LEGENDS PI,PLAYER,ARCADE,ARCADE ELITE,PLAYER ELITE,MINI,GEMS 300,GEMS 150,DIAMONDS,NEXT 2,CFW
wingforc,,,,NextWAVE
wizdfire,LEGENDS,LEGENDS PI,PLAYER,ARCADE,ARCADE ELITE,,,,,DIAMONDS,NEXT 2,CFW
wjammers,LEGENDS,LEGENDS PI,PLAYER,ARCADE,ARCADE ELITE,PLAYER ELITE,MINI,GEMS 300,,DIAMONDS,NEXT 2,CFW
wndrplnt,,,,,,,,,,,,CFW
wof,LEGENDS,LEGENDS PI,PLAYER,ARCADE,ARCADE ELITE,PLAYER ELITE,MINI,GEMS 300,,DIAMONDS,NEXT 2,CFW
worldwar,,,,NextWAVE
wow,LEGENDS,LEGENDS PI,PLAYER,ARCADE,,,,,,DIAMONDS,NEXT 2,CFW
wrally,LEGENDS,LEGENDS PI,PLAYER,ARCADE,ARCADE ELITE,,,,,DIAMONDS,NEXT 2,CFW
wrally2,,,,NextWAVE,,,,,,,NEXT 2,CFW
wrestwar,,,MAX,ARCADE,,,,,,DIAMONDS,,CFW
wwestern,,,MAX,ARCADE
wwfmania,LEGENDS,LEGENDS PI,PLAYER,ARCADE,ARCADE ELITE,PLAYER ELITE,,GEMS 300,,DIAMONDS,NEXT 2,CFW
wwfsstar,LEGENDS,LEGENDS PI,PLAYER,ARCADE,ARCADE ELITE,PLAYER ELITE,MINI,GEMS 300,GEMS 150,DIAMONDS,NEXT 2,CFW
wwfwfest,LEGENDS,LEGENDS PI,PLAYER,ARCADE,ARCADE ELITE,PLAYER ELITE,MINI,GEMS 300,GEMS 150,DIAMONDS,NEXT 2,CFW
wyvernf0,,,,NextWAVE,,,,,,,,CFW
xenophob,LEGENDS,LEGENDS PI,PLAYER,ARCADE,ARCADE ELITE,,,,,DIAMONDS,NEXT 2,CFW
xevi3dg,,,,ARCADE,,,,,,DIAMONDS,,CFW
xevious,LEGENDS,LEGENDS PI,PLAYER,ARCADE,ARCADE ELITE,PLAYER ELITE,MINI,GEMS 300,GEMS 150,DIAMONDS,NEXT 2,CFW
xexex,,,,,,,,,,,,CFW
xexexj,LEGENDS,LEGENDS PI,PLAYER,ARCADE,ARCADE ELITE,,,,,DIAMONDS,NEXT 2
xiistag,,,,NextWAVE
xmcota,LEGENDS,LEGENDS PI,PLAYER,ARCADE,ARCADE ELITE,PLAYER ELITE,MINI,GEMS 300,GEMS 150,DIAMONDS,NEXT 2,CFW
xmen,LEGENDS,LEGENDS PI,PLAYER,ARCADE,ARCADE ELITE,PLAYER ELITE,MINI,GEMS 300,,DIAMONDS,NEXT 2,CFW
xmultipl,LEGENDS,LEGENDS PI,PLAYER,ARCADE,ARCADE ELITE,,,,,DIAMONDS,NEXT 2,CFW
xmvsf,LEGENDS,LEGENDS PI,PLAYER,ARCADE,ARCADE ELITE,PLAYER ELITE,MINI,GEMS 300,GEMS 150,DIAMONDS,NEXT 2,CFW
xsleena,LEGENDS,LEGENDS PI,PLAYER,ARCADE,ARCADE ELITE,PLAYER ELITE,MINI,GEMS 300,,DIAMONDS,NEXT 2,CFW
xybots,,,MAX,ARCADE,,,,,,DIAMONDS,NEXT 2,CFW
yiear,LEGENDS,LEGENDS PI,PLAYER,ARCADE,ARCADE ELITE,PLAYER ELITE,MINI,GEMS 300,GEMS 150,DIAMONDS,NEXT 2,CFW
zaxxon,LEGENDS,LEGENDS PI,PLAYER,ARCADE,ARCADE ELITE,PLAYER ELITE,MINI,GEMS 300,,DIAMONDS,NEXT 2,CFW
zedblade,,,MAX,ARCADE,,,,,,DIAMONDS,NEXT 2,CFW
zerowing,,,MAX,ARCADE,,,,,,DIAMONDS,NEXT 2,CFW
zombraid,,,MAX,ARCADE,,,,,,,NEXT 2,CFW
zookeep,LEGENDS,LEGENDS PI,PLAYER,ARCADE,ARCADE ELITE,PLAYER ELITE,,,,DIAMONDS,NEXT 2,CFW
zupapa,,,,NextWAVE,,,,,,,,CFW
zwackery,,,MAX,ARCADE,,,,,,DIAMONDS,NEXT 2,CFW